Row,test,total_changed_90,description_length,total_methods,total_token,total_added_lines,dmm_unit_interfacing,TokenDensity,GunningFog,LexicalDiversity
Android_21048,5,24,227,35,9174,338,0.864285714,183.7666667,52.24955453,0.203052995
Android_22345,0,0,391,0,0,0,0,22.27272727,19.62007404,0.386877828
Android_21527,0,0,350,0,0,5,0,29.04761905,20.06488095,0.38671875
Android_14746,0,0,149,10,52383,19,0.083333333,135.95,46.48283957,0.264992312
Android_22313,0,5,134,14,7478,78,0.805555556,158.3157895,50.12646939,0.166438668
Android_14395,0,7,211,1,1290,1,0,29,20.09736541,0.381443299
Android_18698,7,0,99,13,1045,202,1,207.6818182,59.93308081,0.144444444
Android_21505,0,25,416,1,8313,8,0,35.14814815,18.69635379,0.345407503
Android_15404,0,0,413,0,0,79,0,106.5,32.84457995,0.211128049
Android_15367,0,35,154,10,6793,407,1,232.5135135,69.27301997,0.160391693
Android_23554,1,3,164,5,318,30,1,58.47058824,26.00449965,0.309428951
Android_11817,0,1,180,1,10760,4,1,31.63157895,20.49235243,0.38305709
Android_23810,0,3,183,1,1007,5,0,45.84210526,21.9476237,0.322396576
Android_22071,0,2,163,0,0,2,0,32.47058824,19.89333692,0.405034325
Android_23670,0,0,231,0,0,6,0,27.95238095,19.20841639,0.372093023
Android_16931,0,28,167,1,2832,4,1,43.41176471,22.89127993,0.328308208
Android_15977,0,1,178,0,399,1,0,30.41176471,20.35001355,0.384792627
Android_16302,0,0,169,0,0,2,0,27.61111111,20.4122449,0.424036281
Android_18726,6,0,121,5,975,67,1,122.2352941,36.95912771,0.269689737
Android_20238,0,55,301,3,13943,23,0.5,70.68421053,28.54828375,0.364793213
Android_11512,0,8,75,58,24605,5,0.054474708,32.23529412,19.90658472,0.370646766
Android_15690,0,7,159,0,0,1,0,28.94117647,19.60460716,0.400932401
Android_13772,0,2,165,0,0,9,0,57.29411765,21.6131826,0.38762215
Android_12770,0,720,75,8,90267,7,0.854166667,165.1,41.43408034,0.234143763
Android_24098,0,7,115,0,32206,0,0,29.05882353,20.38094993,0.374179431
Android_20854,0,45,254,36,19487,591,0.551330798,178.8163265,54.2724832,0.170593293
Android_16937,0,4,121,0,0,248,0,108,27.97661448,0.219178082
Android_18362,0,7,313,6,7793,36,0.636363636,91.56521739,35.90391,0.28362014
Android_24210,0,6,482,5,1795,94,0.333333333,103.65,33.3271777,0.246689895
Android_12211,0,570,74,2,3423,15,0,83.84210526,29.13101573,0.227859779
Android_20170,0,17,431,39,67216,144,0,53.15,19.63305182,0.399232246
Android_22675,0,0,274,2,850,13,0.166666667,53.42105263,25.46150697,0.312421581
Android_18597,0,23,173,1,3957,28,0,69.29411765,24.29632257,0.305373526
Android_8657,0,4,1968,0,0,1181,0,28.7037037,23.01923364,0.390489914
Android_10873,0,3,298,1,3888,13,1,40.10526316,21.41273463,0.407342657
Android_23611,0,0,94,1,341,4,0,39.25,22.29715582,0.343419062
Android_12479,14,839,110,64,113215,688,0,40,18.15771595,0.363238512
Android_19496,0,60,247,3,7673,63,0.185185185,107.5789474,35.7628442,0.259749816
Android_22348,0,10,736,0,0,38,0,35.40909091,21.02869813,0.43902439
Android_13540,0,2,74,2,5666,8,1,32.57142857,21.15377468,0.30945122
Android_23091,0,0,68,1,630,4,1,29.82352941,20.17375566,0.393665158
Android_15742,4,5,438,0,11719,5,0,60.77272727,26.63702546,0.321536906
Android_19277,0,1,143,0,0,15,0,49.42105263,22.08455755,0.322802198
Android_16299,0,11,393,1,1190,117,0,195.5789474,42.04215163,0.241740088
Android_22639,0,1,310,2,2594,8,0,46.35,22.2964219,0.345794393
Android_15975,0,9,164,0,0,2,0,27.52631579,19.1772596,0.405063291
Android_12353,0,0,613,0,2495,3,0,25.6,20.40848322,0.380872483
Android_21414,0,5,207,0,0,1,0,25.27777778,19.26852764,0.396551724
Android_21660,0,13,134,0,0,10,0,31.57142857,18.47919799,0.353383459
Android_8697,0,0,256,1,577,5,1,49.44444444,22.53191489,0.330496454
Android_17542,0,44,542,22,34123,296,0.761061947,246.8846154,88.19072129,0.117873511
Android_21685,3,109,842,36,31272,331,0.726618705,358.48,99.79602751,0.188789546
Android_31451,0,0,106,0,0,0,0,27.78947368,18.80682788,0.371621622
Android_8313,0,9,257,0,0,1,0,24.04545455,19.83741057,0.376199616
Android_22491,0,0,149,0,0,2,0,24.56,19.53433989,0.33273703
Android_15079,0,1,171,1,2068,1,0,30.36842105,19.68126555,0.379962193
Android_20956,1,0,315,15,242,22,0.313953488,151.95,48.25727668,0.234186383
Android_22039,0,0,240,0,0,6,0,37.94736842,21.15134659,0.347826087
Android_20848,1,1,264,2,2132,4,1,39.6,20.99816993,0.383986928
Android_20563,0,43,92,0,0,19,0,73.36842105,23.19334102,0.291970803
Android_20861,0,0,347,5,3396,82,0.264150943,102,29.58079914,0.292035398
Android_20881,0,1,156,0,0,1,0,31.11764706,19.82147191,0.399103139
Android_21607,0,57,432,40,35627,1110,0.625823452,354.1666667,96.55764256,0.137772675
Android_22764,1,18,361,3,1766,35,1,78.25,30.30364925,0.279007972
Android_16730,0,10,89,21,8507,1273,0.975044563,557.0833333,97.21984407,0.202647838
Android_23746,0,1,89,0,0,2,0,30.94117647,20.01864693,0.395143488
Android_16850,0,4,193,0,0,10,0,54.73684211,21.92142957,0.332891247
Android_13604,0,0,157,1,7212,1,0,29.61111111,19.321174,0.385744235
Android_21991,0,2,399,0,0,114,0,65.23684211,24.45866454,0.196099675
Android_18879,0,0,916,11,40253,58,0.2,103.8214286,33.06139878,0.248758689
Android_22228,0,7,125,0,0,1,0,25.21052632,18.71770335,0.372727273
Android_20855,0,0,297,1,2800,7,0,47.66666667,21.90681004,0.383870968
Android_16709,0,4,123,0,0,42,0,65.95,25.47464363,0.357451404
Android_24261,0,23,259,12,13292,106,1,125.8,44.94751773,0.222340426
Android_16556,0,0,75,0,0,31,0,55.04761905,27.29858188,0.23615465
Android_22386,0,5,89,0,410,11,0,35.6,20.04079208,0.351485149
Android_14532,0,4,87,0,0,1,0,34.11111111,21.029488,0.388145315
Android_9449,0,1,299,0,610,1,0,37.35294118,22.0844822,0.360146252
Android_17210,0,6,443,0,0,5,0,31.52173913,22.01969426,0.351598174
Android_24271,2,5,168,5,4372,18,0,81.35,27.52663221,0.180017227
Android_20473,0,16,846,16,9871,286,0.138554217,237.3478261,74.11567345,0.187142113
Android_11834,0,6,317,3,15485,17,0.444444444,62.05555556,24.63636364,0.334545455
Android_11810,0,316,100,0,693,4,0,44.47368421,21.92700443,0.322429907
Android_23528,1,2,118,1,809,0,0,32.5,20.87956704,0.385685885
Android_22721,0,2,360,1,1180,5,0,32.77272727,19.81163636,0.3376
Android_12712,0,706,126,4,261,94,0.1,120.5714286,35.43140028,0.285148515
Android_18577,3,8,1806,7,13630,70,1,86.12121212,34.19528552,0.265132566
Android_14311,0,1,1062,3,3556,38,1,92.75,31.55030362,0.307742355
Android_24069,0,14,389,2,4037,15,0,67.58823529,27.42852463,0.342227378
Android_14728,0,1,160,3,2933,15,1,67.77777778,24.74436527,0.309976247
Android_23372,0,1,104,1,19593,1,0,30.11764706,19.96149733,0.380952381
Android_14807,1,40,161,23,25976,47,1,102.5774648,33.22010599,0.134745937
Android_23519,0,1,141,1,1338,1,1,29.29411765,20.07276185,0.385681293
Android_15519,0,2,418,3,2699,15,0.555555556,56.52631579,23.94771697,0.370860927
Android_10979,0,0,110,1,1194,1,0,31.42105263,18.92409505,0.373417722
Android_15095,0,11,107,2,8708,6,1,33.6,20.31520938,0.361809045
Android_21985,0,11,136,0,0,4,0,48.5,22.46704331,0.425423729
Android_15840,0,1,149,1,568,32,1,62.17647059,22.69853791,0.333815029
Android_14110,0,9,487,0,0,12,0,65,22.56803108,0.399385561
Android_22624,0,2,122,1,195,1,0,29.47058824,19.71657754,0.375
Android_20302,0,1,369,1,637,8,1,36.94736842,21.54131218,0.392123288
Android_22018,5,6,389,91,4337,622,0.689189189,568.8888889,143.2047324,0.096553915
Android_11375,0,3,219,0,0,1,0,28,20.15340005,0.408775982
Android_16457,1,6,708,28,2551,563,0.716666667,217.84375,63.27423447,0.189851269
Android_11062,0,0,755,1,18463,3,0,35.95238095,20.50241502,0.410174881
Android_23086,0,1,152,1,2096,2,0,25.61904762,19.62526645,0.394250513
Android_14538,0,5,194,0,4596,5,0,37.77777778,21.36676605,0.372093023
Android_17480,0,42,239,3,12003,19,1,50.375,21.37479675,0.307095344
Android_22743,0,3,100,0,0,22,0,73.91304348,25.62591499,0.260533104
Android_23845,0,13,107,1,20507,11,0.545454545,64.38888889,24.89527105,0.294117647
Android_15509,0,8,288,3,7545,24,1,72.66666667,27.64006291,0.309403438
Android_16193,0,5,158,9,3148,13,0.25,164.7222222,42.78029588,0.234560907
Android_23042,1,4,286,1,923,5,1,30.4,20.86415094,0.405660377
Android_15581,1,1,561,2,910,54,1,71.83870968,28.39381352,0.274595268
Android_19379,0,2,105,4,239,30,1,43.61111111,23.03311008,0.338485317
Android_9737,0,0,122,0,0,39,0,38.61111111,20.38748608,0.408817635
Android_8662,0,33,1968,73,68226,1598,1,38.65517241,22.0887327,0.38343949
Android_15685,2,52,498,183,34623,922,0.809798271,64.95652174,18.79472632,0.402044293
Android_24299,0,131,486,53,163263,588,1,37.76190476,20.21484594,0.356617647
Android_21103,1,0,236,1,9617,7,1,28.84210526,20.35503574,0.399176955
Android_23156,0,0,367,0,0,53,0,46.96,22.35506339,0.441138422
Android_16938,0,63,151,11,13038,110,0.305555556,87.55882353,30.48028217,0.24516441
Android_22766,0,5,466,3,11568,10,0.333333333,51.85,24.96293578,0.288990826
Android_23797,0,6,119,1,12389,4,1,39.94117647,21.71970024,0.378708551
Android_20620,0,29,216,6,35162,20,0,66.12,27.83200596,0.269545793
Android_23512,0,3,537,8,6648,138,0.729411765,136.0952381,42.02346713,0.234574197
Android_21089,0,1,88,0,0,2,0,26,19.21006731,0.395522388
Android_23680,1,35,1128,18,17668,165,0.955223881,163.4857143,51.1668199,0.201241593
Android_21793,0,3,303,1,2292,14,0,30.62962963,18.14080299,0.291316527
Android_14121,0,0,346,7,13464,54,0.6,87.59090909,30.51165556,0.286840032
Android_15584,0,2,141,0,0,188,0,237.6842105,50.02241969,0.42025974
Android_13025,0,923,97,6,24848,49,1,140.1176471,41.48204736,0.263636364
Android_16107,0,4,772,10,3564,129,0.982758621,179.2083333,43.63432343,0.20709571
Android_14432,0,5,315,29,9858,523,0.894308943,306.0857143,77.96183423,0.149643345
Android_15504,0,22,108,2,1404,53,1,52.34615385,25.32878454,0.290893761
Android_14393,0,0,343,0,10778,2,0,36.33333333,20.64841713,0.379888268
Android_16806,0,0,256,2,9833,10,0,39.61904762,21.7805383,0.324637681
Android_10852,0,0,139,1,2274,2,1,33.77777778,19.66666667,0.354285714
Android_21658,0,13,91,0,0,6,0,35.17647059,20.530412,0.36437247
Android_31015,0,0,352,1,5476,1,0,33.05263158,20.61625012,0.378026071
Android_24175,2,18,228,12,1716,165,1,136.2666667,44.88137869,0.213203099
Android_23126,0,20,414,2,4999,44,1,88.05263158,31.65492637,0.305383936
Android_18903,0,0,553,0,0,61,0,47.2962963,21.41060794,0.369710468
Android_17050,0,9,253,1,8351,24,1,54.05,23.05268293,0.364498645
Android_14087,1,0,547,3,3596,26,1,50.61904762,24.34666667,0.325714286
Android_22859,0,2,131,2,2134,38,1,60.29411765,25.6440003,0.296010296
Android_14837,0,11,302,7,17599,108,0.754098361,141.85,54.97951318,0.15821501
Android_19306,0,10,221,1,3751,1,0,30.94736842,19.90366826,0.384469697
Android_12200,0,576,120,1,20565,5,0,49.38095238,22.98972923,0.303267974
Android_20716,0,0,94,0,0,261,0,108.804878,27.64041383,0.220939184
Android_20965,0,4,333,7,11361,38,0,85.06666667,29.59393939,0.204675325
Android_12730,0,702,65,2,9176,6,0,58.15789474,24.73972326,0.302521008
Android_23268,0,59,676,27,27399,579,1,34.21052632,21.60240727,0.399168399
Android_12563,0,846,40,1,1573,9,1,74.29411765,28.04219067,0.269396552
Android_21898,0,1,121,1,1661,9,1,35.26315789,21.07074663,0.361359571
Android_22788,0,2,117,1,728,7,1,52.82352941,25.2132804,0.294478528
Android_18975,0,0,293,1,331,1,0,32.47368421,21.16175761,0.350458716
Android_20204,0,7,471,11,13168,122,0.893939394,95.45238095,34.00410149,0.206465068
Android_22392,0,4,173,2,2993,37,1,79.75,30.76164788,0.281006071
Android_17509,0,1,375,1,1099,0,0,29.55555556,20.57363465,0.396186441
Android_22457,0,0,204,0,52,3,0,30.88888889,20.58181396,0.402922756
Android_13386,0,0,135,31,19094,231,0,237.6323529,62.56121701,0.132984901
Android_17272,0,25,179,0,0,1,0,24.05263158,19.29392333,0.395784543
Android_18911,1,0,267,1,926,1,0,36.83333333,21.6040404,0.394545455
Android_14431,0,2,267,2,2711,16,1,93.23529412,34.20210966,0.223747981
Android_12918,0,901,88,4,13814,31,0,187.3157895,55.78147143,0.208006603
Android_11498,1,7,73,4,16024,19,0.428571429,83.47058824,28.68312524,0.318380744
Android_23643,0,0,269,3,11477,45,1,80.42105263,30.20615126,0.310834813
Android_12178,0,17,19,0,0,1,0,29.52941176,20.24253394,0.354700855
Android_24325,0,12,107,1,2062,9,1,37.95238095,20.16429347,0.325732899
Android_23267,0,0,108,0,837,1049,0,240.893617,52.0882292,0.219328048
Android_10797,0,1,905,0,0,1,0,39.55,21.14789386,0.388059701
Android_21925,0,17,113,0,0,29,0,58.7,24.1802765,0.321428571
Android_16616,0,3,198,1,3073,8,1,34.39130435,19.80385902,0.349112426
Android_23045,0,59,1144,2,32006,2033,0.837837838,312,66.94875431,0.233844988
Android_20583,0,4,242,0,0,16,0,26.47619048,18.80582448,0.404958678
Android_20172,0,9,220,1,3121,1,1,27.77777778,19.51347099,0.382743363
Android_22202,0,3,191,2,7280,11,1,51,24.44404925,0.32994186
Android_22206,1,0,195,2,876,1,0,43.88235294,21.81541011,0.35915493
Android_22857,0,6,277,0,0,3,0,49.21052632,22.62382271,0.328254848
Android_20622,0,0,162,4,409,19,1,54.47058824,23.02766296,0.33428165
Android_10505,0,6,108,4,3158,10,1,53.17647059,24.32003291,0.327272727
Android_16910,0,1,141,3,2179,4,0,47.80952381,23.87728099,0.347328244
Android_9071,0,0,123,2,22601,6,0,39.375,22.24567045,0.335435057
Android_13924,0,3,757,7,33365,33,0.444444444,103.92,32.57179434,0.256499133
Android_14276,0,0,81,2,2751,15,1,37.29411765,21.86335932,0.323580034
Android_19234,0,0,80,0,0,4,0,28.71428571,19.04761905,0.405882353
Android_20260,0,0,319,16,1040,256,1,200.2692308,51.28147572,0.218402427
Android_789,0,0,404,0,0,1,0,35.5,21.99365079,0.373015873
Android_22567,0,2,265,0,0,2,0,40.38888889,22.28660187,0.391080617
Android_12132,0,1,532,1,3283,1,0,26.04545455,20.16257517,0.422178988
Android_17224,0,2,977,21,9502,184,1,160.7021277,50.14595795,0.180148496
Android_17481,0,35,159,3,11638,34,1,48.42857143,20.99563863,0.341789052
Android_14841,1,17,136,12,5780,174,0.434782609,232.0526316,69.41065356,0.18065816
Android_15990,0,0,90,0,0,1,0,22.57894737,18.75714477,0.381679389
Android_18708,7,0,98,13,1045,202,1,212.2727273,61.17534669,0.145084746
Android_20632,1,1,183,1,184,0,0,37.16666667,22.01936799,0.398165138
Android_20798,1,0,230,2,1734,22,1,51.13636364,26.08228386,0.296213808
Android_10744,0,0,168,1,8013,10,1,37.77777778,20.6,0.343333333
Android_20953,0,0,316,4,13015,11,0.25,46.84210526,23.661958,0.340673575
Android_14724,0,8,136,0,7695,6,0,45,21.31591412,0.335515548
Android_19579,1,0,473,1,6653,18,1,45.66666667,23.93399779,0.29253366
Android_19348,0,55,108,28,10240,117,0.620689655,217.15,67.04902301,0.193064355
Android_20817,3,3,197,71,9792,1163,0.487804878,37.2,19.05185682,0.37360179
Android_21913,1,1,563,1,670,4,0,46.75,23.20511749,0.318537859
Android_20646,0,8,334,19,1116,298,1,152.1818182,44.62406726,0.219171484
Android_23438,0,0,747,4,2820,26,0,83.95238095,31.99036918,0.270411985
Android_20085,0,0,280,0,0,1,0,27.4,18.93536232,0.397515528
Android_1550,0,0,55,0,0,1,0,24.73684211,19.58669315,0.393867925
Android_12920,1,897,83,2,21877,15,0,160.3684211,42.57916452,0.178067318
Android_17232,0,2,178,1,18232,4,1,29.47058824,20.81132125,0.401330377
Android_14479,0,0,89,0,0,7,0,45.88,25.9949106,0.367983368
Android_21226,0,24,421,30,39305,898,0.596194503,271.675,77.59950882,0.144753044
Android_20218,0,74,507,5,19788,10,0,94.14285714,34.61173223,0.286404417
Android_18782,0,5,268,8,5388,97,1,130.9411765,39.77076171,0.261394102
Android_18621,0,29,668,2,33796,140,0,104.40625,35.49660165,0.290307329
Android_12325,0,6,594,20,2585,699,0.680652681,276.2083333,80.4264552,0.156093307
Android_18989,0,28,287,13,1754,627,0.082733813,131.3191489,40.26255319,0.1635
Android_13053,0,2,160,1,5603,6,1,37.05263158,21.48040314,0.275177305
Android_18560,0,10,185,0,0,2,0,50.7,22.40227642,0.304878049
Android_20865,0,4,0,0,0,0,0,6.064813975,24.42105263,8.226890756
OpenStack_1249,0,16,1,10316,215,4,0.876588342,12.94351658,53.81818182,7.002427184
OpenStack_1111,1,26,0,2559,66,0,0.583396084,8.859843444,38.23809524,6.511904762
OpenStack_6046,0,122,0,456,18,1,0.257542476,8.802716895,32.44444444,6.310580205
OpenStack_655,3,23,109,24417,554,514,11.62885311,125.44159,351.9349593,4.694426905
OpenStack_5812,0,17,0,6622,312,0,0.311278124,8.007857303,30.94117647,6.954716981
OpenStack_7869,0,80,3,11024,423,92,1.367079203,64.53792139,186.7464789,6.462601626
OpenStack_1535,1,100,0,25350,607,15,0.87554839,23.76385817,80.41176471,6.245798319
OpenStack_5528,0,71,0,0,0,21,0.697055095,7.384158639,33.76470588,6.677824268
OpenStack_508,4,50,0,12600,359,35,3.944517431,48.446178,149.5,6.677545692
OpenStack_943,0,3,0,0,0,1,0,7.102868481,24.5,6.765182186
OpenStack_6305,0,115,0,4504,187,6,0.092899962,8.433778098,34.7,7.079872204
OpenStack_4695,1,170,0,35723,605,1,0.514220355,18.8990969,70.88235294,6.01179941
OpenStack_7214,0,6,0,0,0,1,0,6.956828033,24.58823529,7.12987013
OpenStack_5899,0,3,0,0,0,3,0.389975,8.299048559,35.05882353,7.567049808
OpenStack_2432,1,0,0,127,1,1,0,5.824368798,22.05263158,7.23245614
OpenStack_4072,1,56,0,17281,420,19,0.257542476,17.63328793,67.10526316,6.287671233
OpenStack_222,0,12,0,2247,72,21,1.145477549,18.85436247,70.73684211,5.971722365
OpenStack_4854,0,27,0,0,0,3,0,6.898616423,24.19047619,7.371710526
OpenStack_6333,1,52,0,2552,72,22,0.896096513,19.43739004,66.63157895,5.730526316
OpenStack_5158,0,49,0,0,0,0,0,5.469196742,19.95,6.831858407
OpenStack_3951,0,10,0,484,16,1,0,6.988796909,25.16666667,7.262096774
OpenStack_2446,0,23,0,0,0,18,0,9.897126383,44.12,7.042079208
OpenStack_6709,5,235,0,60536,1643,5,4.107579971,54.14100015,169.45,6.208487085
OpenStack_899,1,1,0,1248,55,4,0,7.412094801,30.27777778,6.648351648
OpenStack_3832,0,17,0,0,0,6,0,6.364094038,26.15789474,6.788
OpenStack_3795,1,5,0,3322,71,64,0.439154534,25.96163542,88.94594595,5.902702703
OpenStack_6847,2,184,1,9002,66,9841,12.11860776,100.1845611,280.3559322,5.513027158
OpenStack_4093,1,53,0,5960,168,40,0.510240379,18.15417404,65.19230769,5.816691505
OpenStack_5050,0,12,0,0,0,5,0,5.918657918,22.80952381,6.926070039
OpenStack_6736,2,134,0,28962,548,29,0.879748351,13.259302,58.72727273,7.044692737
OpenStack_4696,0,120,0,0,0,24,1.47436842,15.79196783,57.52380952,7.941649899
OpenStack_244,2,8,0,570,14,110,0.476324735,18.10047183,68.03333333,7.063400576
OpenStack_2089,0,20,0,0,0,3,0,6.893367667,30.38095238,7.302013423
OpenStack_1317,66,124,139,59143,1090,19186,12.6886871,114.4313187,320.7962963,5.680095682
OpenStack_2069,0,2,0,0,0,0,0,6.438707386,23.27272727,6.598639456
OpenStack_2942,0,16,0,1604,55,0,0,7.584279222,27.41176471,7.097165992
OpenStack_4119,0,79,0,0,0,5,0,8.390570319,34.76470588,6.868613139
OpenStack_5458,1,3,0,1963,64,1,1.048737905,6.520854607,29.17857143,6.95443038
OpenStack_7567,0,21,0,5681,190,4,0,7.19005584,29.23809524,7.701639344
OpenStack_5692,0,2,0,0,0,1,0,6.979775558,28.05882353,6.6625
OpenStack_6967,0,15,0,0,0,2,0.5,6.987913603,30.11764706,6.85042735
OpenStack_4573,1,6,0,998,14,2,0,8.00407441,36.63157895,6.608391608
OpenStack_4948,0,4,0,0,0,0,0,7.11238265,23.29411765,7.047826087
OpenStack_6893,0,0,0,0,0,0,0,8.968882564,32.82352941,6.744966443
OpenStack_3971,1,27,1,10134,137,55,3.317961133,16.754362,66.7027027,5.85828877
OpenStack_2051,0,1,0,24,1,1,0,6.880067711,24.52941176,7.171945701
OpenStack_4298,0,8,0,0,0,2,0,5.237755102,23.33333333,7.252964427
OpenStack_4106,2,0,3,293,5,0,0.795723969,110.1506693,308.4736842,8.227120908
OpenStack_4374,0,85,0,41,0,10,1.028320834,6.757640694,28.65217391,6.540540541
OpenStack_5030,0,3,0,0,0,0,0,8.426761134,27.36842105,6.68013468
OpenStack_5193,0,6,0,0,0,2,0,7.090894551,25.52941176,6.995633188
OpenStack_3638,0,1,0,0,0,2,0,6.402302632,24.54166667,5.972477064
OpenStack_299,0,13,0,0,0,65,2.016719106,45.59608611,150.1176471,5.994047619
OpenStack_4982,0,88,1,0,0,11,0.46134567,14.17432432,49.33333333,5.078328982
OpenStack_6386,1,24,0,4810,167,18,1.261710082,13.91799879,54.84210526,7.113861386
OpenStack_2922,14,522,3,149691,3725,544,6.481981891,261.5824495,700.8636364,5.853251617
OpenStack_1032,0,5,0,0,0,75,0,13.27140925,49.03333333,6.102290076
OpenStack_4946,1,4,0,1528,56,1,0.414957898,9.016013072,36,6.558718861
OpenStack_6480,0,8,0,2204,62,2,0,7.621724638,31.94444444,6.465949821
OpenStack_438,0,2,0,0,0,7,0,6.559473087,29.95238095,5.942446043
OpenStack_2292,0,4,0,6648,184,2,0,7.981476401,29.76470588,7.240740741
OpenStack_1888,0,95,1,0,0,0,0.634915188,8.692539359,34.3,6.337349398
OpenStack_7415,1,6,0,519,6,2,0,6.122259036,20.75,6.869198312
OpenStack_5178,0,17,0,0,0,27,0,7.815274406,37.9,6.56133829
OpenStack_6261,2,15,0,1676,63,1,0.23686905,8.782723112,36.31578947,6.268370607
OpenStack_47,3,0,0,1471,35,59,0.685586214,48.05646101,144.4705882,6.019035533
OpenStack_2705,0,2,1,0,0,0,0,5.567727273,22,7.195833333
OpenStack_6411,0,14,0,0,0,5,0,8.412418684,37.68,6.330864198
OpenStack_7172,0,15,0,2322,94,3,0.22594634,10.56323481,41.42857143,6.326633166
OpenStack_2150,1,176,0,7179,236,5,0,7.358669599,31.47058824,7.221311475
OpenStack_3068,0,54,0,18423,557,2,0,6.481532726,25.05882353,7.533632287
OpenStack_4955,2,119,0,18181,430,35,2.095348226,22.61359594,76.30434783,5.923076923
OpenStack_7452,0,12,0,0,0,5,0,8.932798834,32.66666667,6.444444444
OpenStack_2569,0,4,0,308,0,1,0,6.166348684,26.94736842,6.764705882
OpenStack_1054,0,4,1,0,0,0,0,5.718063479,20.68421053,6.950226244
OpenStack_3320,1,21,0,33440,668,1,1.160637625,14.30291231,57.52941176,6.382789318
OpenStack_3194,0,48,0,0,0,1,0,7.754666667,33.33333333,6.514388489
OpenStack_2938,3,195,1,53671,1449,175,3.496232773,55.80460631,171.2,6.097972973
OpenStack_288,0,29,4,2859,122,87,1.215156075,24.64175137,83.05882353,7.059405941
OpenStack_6244,0,4,2,0,0,0,0.043896764,19.90921631,68.02040816,5.465932553
OpenStack_5882,0,104,0,25624,881,36,0.434190401,5.422842541,27.95238095,7.11328125
OpenStack_4985,0,10,0,0,0,1,0.187893996,12.01891523,41.24,5.854961832
OpenStack_5082,0,37,0,9472,357,4,0,6.99390852,33.43478261,7.337662338
OpenStack_5491,4,15,0,3392,32,16,1.384501072,14.84809231,61.36,5.757918552
OpenStack_3429,0,5,0,448,24,4,0,7.02097432,27.58333333,6.949860724
OpenStack_6977,0,1,0,0,0,2,0,6.73559444,27.88235294,6.978070175
OpenStack_3352,0,41,0,7075,258,29,1.407275781,11.05903302,43.47619048,5.858310627
OpenStack_1681,0,2,0,0,0,3,0,8.250658097,24.76470588,6.995983936
OpenStack_1655,1,58,0,0,0,29,0.934236065,6.391858496,28.72,6.293604651
OpenStack_4756,0,26,0,5290,179,1,0,7.703529412,29.47058824,6.850574713
OpenStack_4903,1,20,0,4679,151,15,2.087161011,26.17899785,92.9,6.802083333
OpenStack_4584,0,0,1,0,0,0,0,9.423056655,42.68421053,7
OpenStack_5113,1,15,0,4259,87,5,0.334132086,8.587665441,37.64705882,6.768939394
OpenStack_7164,0,45,0,0,0,1,0,6.102448094,21.95238095,6.586614173
OpenStack_6990,1,189,0,14264,532,93,7.908056365,40.52304684,129.9375,6.021466905
OpenStack_418,0,0,0,0,0,13,0,12.91204717,36.39130435,6.538175047
OpenStack_7332,3,257,0,58353,959,18,1.149810549,24.57092055,86.54545455,5.69273743
OpenStack_5988,0,125,0,0,0,5,0.526033981,9.152818182,36.36363636,6.154241645
OpenStack_6670,0,153,0,0,0,2,0,7.57547207,30.89473684,7.170648464
OpenStack_532,0,9,0,0,0,13,0,10.61627923,45.77272727,5.841463415
OpenStack_3200,2,22,1,469,10,0,0,16.03535689,57.63157895,6.539192399
OpenStack_6978,0,7,0,1034,35,2,0,5.488834646,25.4,6.75
OpenStack_1597,1,8,0,3264,80,7,0.99294984,12.81341439,52.64705882,6.504672897
OpenStack_4858,0,1,0,769,21,1,0,7.426776746,30.17647059,6.814516129
OpenStack_2185,1,140,0,5134,73,1,0.522605932,12.10747037,45.10526316,6.397820163
OpenStack_708,0,15,0,0,0,1,0,6.588372979,21.65,7.217898833
OpenStack_5419,0,6,3,0,0,0,0.133627521,12.94291296,45.40384615,5.89017341
OpenStack_7414,2,39,0,6053,118,28,2.285971022,21.77750515,75.58823529,6.17961165
OpenStack_6940,0,2,0,0,0,1,0,6.360826326,26.68421053,6.584677419
OpenStack_1356,0,0,0,0,0,0,0,6.868921061,22.70588235,7.081818182
OpenStack_5688,0,8,0,0,0,1,0.168564443,9.824551282,34.66666667,6.562700965
OpenStack_7342,3,253,0,66224,1299,122,1.920403474,56.41147393,169.7916667,6.439003436
OpenStack_2297,2,15,0,10011,57,5,0.442619542,20.49001897,79.625,6.519187359
OpenStack_1449,0,64,0,13657,403,11,0.529436582,12.502493,49.41176471,6.689655172
OpenStack_6242,1,22,0,5442,151,5,0.51121885,7.872362116,33.94117647,6.952
OpenStack_811,0,8,0,0,0,41,0,22.91393527,75.025,5.976243504
OpenStack_3597,0,8,0,352,0,0,0,6.274062623,26.41176471,7.009090909
OpenStack_3119,0,13,0,0,0,2,0,8.82745818,33.94736842,6.347962382
OpenStack_7360,0,15,0,0,0,71,0.794061046,16.0512633,57.77083333,5.763247863
OpenStack_5590,1,3,0,1170,46,3,0,7.001054801,35.59090909,7.302547771
OpenStack_5769,2,180,0,27434,696,7,1.443644357,24.84605145,85.96153846,6.096730245
OpenStack_867,0,17,0,1092,40,6,0.929371537,5.843087628,31.28571429,6.850393701
OpenStack_2740,0,67,0,23876,838,45,0.389975,9.525309926,41.58823529,6.992673993
OpenStack_3297,2,33,0,12265,160,13,0.857832321,18.71627141,66,6.200636943
OpenStack_2802,0,54,0,8755,284,1,0,6.981873155,27.21052632,6.762589928
OpenStack_4234,0,8,0,879,32,3,0,8.189738064,36.61904762,6.538690476
OpenStack_3185,0,33,0,2319,56,24,0,18.31754386,65.44444444,6.287037037
OpenStack_6329,0,13,0,0,0,1,0,7.181800564,26.27777778,6.5703125
OpenStack_443,1,1,0,1061,27,1,0,6.746317873,24.47058824,7.026666667
OpenStack_289,0,3,0,0,0,20,0,10.042875,38.4,6.052410901
OpenStack_2384,0,0,0,0,0,5,0,7.494236084,26.29411765,7.056910569
OpenStack_7005,1,49,0,11159,309,4,0.528320834,5.585497939,28.43478261,6.782894737
OpenStack_4768,0,124,0,0,0,0,0,6.584,26.6,7.094594595
OpenStack_5869,2,15,0,3513,131,67,0.885889485,20.43497326,73.11764706,7.299065421
OpenStack_2405,0,80,0,24554,867,0,0.953489331,7.663943812,31.15789474,7.194244604
OpenStack_5862,1,0,0,1671,36,26,0.805234953,18.08480331,65.71428571,5.813819578
OpenStack_4603,0,49,0,0,0,1,0,5.868470126,22.57894737,7.560344828
OpenStack_1569,0,18,0,0,0,1,0,6.012475954,25.63157895,7.004065041
OpenStack_3422,0,0,0,0,0,0,0,6.375041876,22.11111111,7.004464286
OpenStack_7451,1,9,0,2854,109,90,1.433410084,37.26131002,119.75,6.181333333
OpenStack_1726,0,50,0,3112,75,10,2.449066676,16.71752212,65.86363636,5.963553531
OpenStack_3926,0,3,0,80,3,1,0,6.509232256,25.05882353,7.22972973
OpenStack_2020,0,1,0,473,6,1,0,6.293650794,25.28571429,6.923357664
OpenStack_1386,0,56,0,2008,54,2,1.013609578,8.383132832,38,6.729970326
OpenStack_3927,0,100,0,11090,250,1,0,7.479497687,26.17647059,6.987234043
OpenStack_5808,0,2,0,0,0,0,0,7.047536765,22.58823529,6.959276018
OpenStack_6207,1,42,0,2758,77,0,0.456497623,7.846672932,33.25,6.35472973
OpenStack_3361,0,23,0,2716,103,6,0,10.20121718,41.61111111,6.28802589
OpenStack_423,2,17,0,519,15,6,0.430827083,10.78598997,42,8.494350282
OpenStack_5094,0,43,0,8456,270,5,0,9.262765423,38.58823529,6.176870748
OpenStack_3880,0,24,0,7605,237,1,0,7.523421369,28.82352941,6.829959514
OpenStack_3700,0,60,0,9170,296,1,0,5.634640998,23.05,7.188284519
OpenStack_1149,2,0,0,1296,18,213,1.124718884,54.6303034,169.2857143,5.380359613
OpenStack_2080,1,134,0,430,16,6,1.720084268,8.56531746,34.28571429,6.67251462
OpenStack_6767,0,17,0,3877,161,34,0,20.69898504,72.05263158,7.060952381
OpenStack_1516,1,15,0,3869,15,1,0,6.253690915,24.78947368,7.814814815
OpenStack_4709,0,41,0,8486,274,2,0,6.752809124,28.82352941,7.432773109
OpenStack_683,0,31,0,0,0,2,0,6.350882353,24,6.99537037
OpenStack_1316,1,116,0,18576,468,0,0.528320834,9.081547619,36.75,6.779503106
OpenStack_1420,0,3,0,0,0,2,0,8.780441646,36.82352941,6.334586466
OpenStack_7543,1,11,1,4132,120,0,0.060205292,66.76024138,197.2,6.430493274
OpenStack_3315,1,137,0,23815,524,7,1.837829325,17.77281609,64.44444444,6.682692308
OpenStack_424,0,1,0,435,14,1,0,5.491133412,23.04761905,7.1875
OpenStack_4535,0,2,0,0,0,382,0,77.21359437,224.9722222,6.75385899
OpenStack_4355,0,4,0,0,0,4,0,6.830140173,22.80952381,6.663120567
OpenStack_5829,0,14,0,0,0,338,0.761042508,19.21416938,63.51271186,5.937586878
OpenStack_6845,5,68,1,73711,1488,165,2.719764682,76.79483583,225.7924528,6.32024945
OpenStack_1286,0,28,0,0,0,77,0.5,34.4948882,120.7894737,5.585635359
OpenStack_2066,1,16,0,912,21,10,1.50313361,11.87926267,51.66666667,5.834733894
OpenStack_3031,0,90,0,8020,251,5,0,8.154453782,35,6.725868726
OpenStack_5811,0,8,0,0,0,14,0.46134567,11.96715051,53.58823529,6.162068966
OpenStack_692,0,36,0,0,0,0,0,5.442992069,23.05263158,7.549107143
OpenStack_2979,0,24,0,2606,78,4,0,8.920174207,35.61111111,6.775862069
OpenStack_6982,0,13,0,0,0,85,0.507198794,6.531619718,35.5,7.263565891
OpenStack_3903,0,27,0,0,0,39,2.1199766,15.67499527,56.43333333,5.882438316
OpenStack_923,5,68,4,10680,337,138,3.867579536,73.93742198,212.2142857,5.797794118
OpenStack_6685,0,5,0,0,0,30,0,14.34570449,50.53333333,6.337643678
OpenStack_3265,1,15,0,3157,76,104,1.417653233,21.78129234,77.64705882,7.302030457
OpenStack_1218,0,1,0,0,0,0,0,5.292249589,20.71428571,7.231404959
OpenStack_1256,0,0,1,37,2,0,0,7.171109209,28.29411765,7.049792531
OpenStack_6942,0,12,0,0,0,256,0.004907102,14.6659596,53.63636364,5.753518295
OpenStack_1132,0,56,0,1916,92,1,0.442037455,10.07748549,38.45454545,6.847117794
OpenStack_1628,9,115,41,56493,2799,2369,21.15776241,187.6184986,513.7545126,6.98789544
OpenStack_7775,1,11,0,1721,56,7,0,8.916506562,38.1,6.827988338
OpenStack_6987,0,119,0,0,0,1,0,5.798233945,27.25,6.816733068
OpenStack_6817,0,13,0,0,0,0,0,6.561666667,26.22222222,7.204081633
OpenStack_4639,0,4,0,6252,280,3,0.528320834,7.37438914,26.76470588,7.061983471
OpenStack_2981,1,36,0,4954,134,7,0.311278124,10.10115596,42.89473684,6.308219178
OpenStack_5818,0,65,0,8596,281,10,0,9.022488038,34.15789474,6.162420382
OpenStack_7907,0,48,0,0,0,1,0,6.751039216,23.61111111,7.106837607
OpenStack_249,0,4,0,0,0,9,0,41.66806164,137,4.266666667
OpenStack_752,1,33,0,5483,117,5,0.239916318,27.72996236,96.52941176,5.718535469
OpenStack_7175,1,3,1,868,37,1,0.071459917,8.982675051,39.44,6.077830189
OpenStack_3983,0,41,0,0,0,1,0,5.557341398,21.52631579,7.113122172
OpenStack_2152,5,42,4,6712,143,82,6.282632583,56.31772901,171.1578947,6.174211248
OpenStack_1676,1,139,0,17760,451,0,0.588058046,10.47363107,41.2,6.517142857
OpenStack_4783,0,59,0,0,0,1,0,6.126714024,25.73684211,6.80876494
OpenStack_5204,2,90,0,2403,30,2,1.373182926,8.089069647,40.08333333,6.306547619
OpenStack_490,0,40,0,0,0,16,2.569284062,16.12365196,67.76470588,6.319230769
OpenStack_4385,0,23,0,1386,32,74,0,41.69156288,131,5.785252264
OpenStack_948,1,52,0,5339,144,54,0.665123888,21.01637047,81.05263158,7.659824047
OpenStack_469,1,12,0,0,0,11,0,5.275970359,24.95454545,7.148698885
OpenStack_6100,0,53,0,0,0,0,0,6.167216599,21.89473684,6.855319149
OpenStack_1907,1,9,0,5414,227,40,0.529243016,15.17888321,59.48387097,6.665653495
OpenStack_3792,1,5,0,1247,14,0,0,7.081536098,24.11111111,7.689243028
OpenStack_3660,0,1,0,0,0,1,0,8.092713611,32.23529412,6.981132075
OpenStack_4607,0,5,0,0,0,20,0,8.561828752,35.11764706,7.060150376
OpenStack_6196,1,160,0,26551,651,0,0.514835639,9.009772897,37.17647059,6.975177305
OpenStack_4473,0,3,0,0,0,7,0,7.831886545,35.84210526,6.567213115
OpenStack_1110,0,18,0,0,0,15,0.46134567,8.632610599,32.55,6.550295858
OpenStack_95,1,0,0,8761,181,315,0,168.9509569,466.4705882,3.096950743
OpenStack_4987,0,48,0,0,0,0,0,7.060186225,23.41176471,6.837004405
OpenStack_3506,0,54,0,0,0,1,0.5,5.642929379,22.78947368,7.126126126
OpenStack_6045,0,5,0,0,0,10,0,8.785599051,31.22222222,6.560810811
OpenStack_3299,1,13,0,1486,32,2,1.045820221,17.95437732,67.25,6.400452489
OpenStack_6012,1,29,0,10559,243,7,0.367279419,8.692367833,37.17647059,7.108208955
OpenStack_6124,1,85,0,19695,473,25,0.527625882,21.35600014,75.875,5.964401294
OpenStack_5385,0,24,0,0,0,1,0,5.407472642,26.57894737,7.668141593
OpenStack_5695,0,10,0,0,0,14,1.545158359,10.31671107,48.05882353,6.586065574
OpenStack_4646,3,391,0,77238,1373,35,1.523411873,24.48227052,85.64705882,7.224444444
OpenStack_6423,0,7,0,881,32,21,0,9.662619048,40.83333333,7.275316456
OpenStack_3323,0,28,0,8578,273,4,0,7.642215805,32.9,7.085987261
OpenStack_1593,3,129,0,19326,535,4,1.296069567,19.81162321,71.26086957,5.989847716
OpenStack_7219,0,12,0,661,20,1,0,6.855833333,26.66666667,6.828
OpenStack_445,0,1,0,0,0,2,0,6.218640874,22.05263158,7.081545064
OpenStack_6968,1,58,0,27886,511,9,0.518468877,11.27479036,44.64705882,6.70096463
OpenStack_1830,0,47,0,9077,287,2,0,5.952962926,27.42105263,7.225
OpenStack_2273,1,11,0,5319,111,8,0.747516172,7.932580007,41.23809524,6.275862069
OpenStack_7096,1,9,0,1298,38,1,0,6.817786775,27.44444444,6.873517787
OpenStack_7371,0,6,0,0,0,16,0,10.96710317,38.76923077,6.200371058
OpenStack_5657,0,11,0,1392,80,1,0,4.956902256,22.61904762,6.618110236
OpenStack_6034,0,57,0,0,0,2,0,7.075393939,30.55555556,7.031128405
OpenStack_6128,1,10,0,908,25,4,0,7.971340766,32.38888889,6.326315789
OpenStack_7334,0,6,0,0,0,10,0,10.42662827,36.625,6.157327586
OpenStack_7529,0,49,0,0,0,34,0.2316625,9.729497817,38.16666667,6.283062645
OpenStack_2729,1,189,0,52483,2103,36,6.238068095,42.36593804,129.9090909,5.672327672
OpenStack_3086,0,16,0,1863,68,8,0,10.02079898,44.15,4.838120104
OpenStack_2513,0,3,0,1742,49,1,0,5.495345696,25.84210526,6.878787879
OpenStack_985,1,74,0,10971,385,63,0.879468688,36.76940566,124.55,5.487750557
OpenStack_5300,0,1,0,0,0,1,0,6.295891341,26.10526316,6.87250996
OpenStack_7382,1,5,0,775,11,2,0,4.976737968,27.81818182,6.859848485
OpenStack_6452,0,39,0,3122,101,0,0,8.432236842,33.25,6.891640867
OpenStack_1820,0,0,1,0,0,1543,3.318730884,33.88708261,113.4814815,6.394411765
OpenStack_3135,0,20,0,3063,61,2,1.00811168,25.8159139,82.75,5.978187919
OpenStack_6492,1,46,0,0,0,1,0,6.594478458,24.5,7.683333333
OpenStack_241,0,21,0,0,0,7,0.480891813,6.57425876,30.28571429,6.972318339
OpenStack_5788,1,99,0,12552,324,1,1.356216163,17.74230323,66.82352941,6.906493506
OpenStack_319,0,71,1,0,0,291,3.845106041,95.04336117,275.3181818,4.131147541
OpenStack_6122,2,74,0,22719,494,2,1.504958999,19.40133869,76.18181818,5.920844327
OpenStack_2674,16,197,2,30982,1086,840,3.691430957,156.451911,428.6923077,6.297991071
OpenStack_1988,0,78,0,166,0,169,0.176886208,20.79762519,76.03846154,5.657777778
OpenStack_6062,0,11,0,0,0,2,0,9.340880503,29.44444444,6.524429967
OpenStack_101,0,1,0,0,0,0,0,6.099449703,21.94736842,6.751091703
OpenStack_6047,0,154,0,0,0,111,4.821547282,26.13639665,81.62637363,5.599355217
OpenStack_1131,0,18,0,6008,180,1,0,5.225683128,24.3,6.851851852
OpenStack_4518,0,11,0,1591,38,2,0,5.448734361,23.38095238,7.03875969
OpenStack_2960,21,108,0,55839,1017,200,6.078506855,182.0772859,499.3846154,4.109550562
OpenStack_2299,1,4,0,2316,52,22,0.119831965,19.73893081,75.47058824,6.035087719
OpenStack_6887,0,8,0,0,0,2,0,7.032904437,29.3,7.965635739
OpenStack_1952,0,24,0,1173,63,3,0,6.089553057,24.80952381,6.556390977
OpenStack_1055,0,4,1,0,0,0,0,5.718063479,20.68421053,6.950226244
OpenStack_2074,0,37,0,840,31,8,0.245114795,10.11253314,46.19047619,6.262711864
OpenStack_6917,1,216,0,19757,643,11,0.487368115,9.475433758,39.27777778,6.581939799
OpenStack_5150,0,113,0,0,0,4,0,6.422582235,27.92,6.165266106
OpenStack_5819,0,19,0,1929,60,2,0,6.368066743,28.72727273,6.897959184
OpenStack_6834,1,9,0,549,30,0,0,6.516629023,24.0952381,6.810218978
OpenStack_5250,0,92,0,10953,361,10,0,8.673209677,38.75,6.732142857
OpenStack_5421,0,86,0,0,0,97,0,11.52431285,44.35,6.602040816
OpenStack_4255,0,88,0,0,0,29,0,19.09499431,70.3,5.6133829
OpenStack_729,0,16,0,8488,275,1,0,4.965658263,21.85714286,6.758474576
OpenStack_6503,1,11,0,1854,97,1,0,6.623883618,27.35294118,6.907172996
OpenStack_6561,0,72,0,8596,281,4,0,6.464089892,28.47368421,6.813229572
OpenStack_3564,0,38,0,0,0,9,0.257542476,6.341093765,29.63157895,7.185328185
OpenStack_4120,0,6,0,0,0,2,0,4.492647439,21.95652174,6.689922481
OpenStack_6867,0,45,0,9577,368,1,0,7.285130301,27.10526316,6.89122807
OpenStack_7699,0,62,0,756,35,1,0,4.598969045,23.22727273,7.219607843
OpenStack_7629,0,53,0,0,0,1,0,6.399577745,26.05882353,7.109090909
OpenStack_4757,0,8,0,0,0,151,0.120724151,19.17227152,64.23809524,5.757377049
OpenStack_2093,0,81,0,9655,209,2,0,5.990049987,25.85714286,6.819548872
OpenStack_340,1,3,0,1532,45,1,0.535956011,9.383636364,36.66666667,5.985576923
OpenStack_2451,0,3,0,55,1,3,0,6.155063492,25.2,6.470119522
OpenStack_5894,5,102,0,6454,171,143,2.051691763,46.55129327,140.4166667,5.74852768
OpenStack_3915,0,0,0,895,30,4,0,8.021282051,28.88888889,7.074074074
OpenStack_4307,0,1,0,0,0,17,0,6.664275862,27.06666667,6.110588235
OpenStack_5817,0,56,0,0,0,2,0,6.01882904,26.14285714,6.71942446
OpenStack_2278,0,5,0,0,0,1,0,6.970214172,24.31578947,6.808429119
OpenStack_2332,0,15,0,0,0,1,0,6.480086957,23.91304348,6.485245902
OpenStack_3331,14,488,3,69695,2278,578,6.481004757,122.8640737,339.2380952,5.392298059
OpenStack_6571,0,1,0,0,0,8,0,12.41453973,51.64705882,6.031152648
OpenStack_6537,0,59,0,7632,243,1,0,6.834685023,24.88235294,7.115044248
OpenStack_5192,1,68,0,0,0,0,0,10.18497423,38.94117647,7.142857143
OpenStack_7532,1,7,0,950,22,2,0,17.0322714,59.41176471,6.140515222
OpenStack_903,0,0,0,1521,48,2,0,8.362823096,31.94117647,7.28358209
OpenStack_3382,1,40,0,2694,91,7,0.839598958,12.41059386,49.17647059,6.707236842
OpenStack_4449,1,89,0,18454,420,9,0.415452264,15.34996346,58.27777778,6.480417755
OpenStack_7187,0,8,0,0,0,8,0,11.51809668,50.17647059,6.264604811
OpenStack_5765,0,1,0,0,0,1,0,6.278151887,23.05263158,6.659663866
OpenStack_5332,4,14,0,18227,357,79,4.144036033,81.83821933,238.7777778,6.088200238
OpenStack_2956,6,90,0,37358,870,121,3.41237823,8.658699366,37.94444444,6.491103203
OpenStack_5534,0,4,0,80,3,1,0,6.552655305,25.17647059,7.165178571
OpenStack_3901,0,5,0,0,0,2,0,4.469281102,21.95652174,6.705426357
OpenStack_2397,0,4,0,0,0,1,0,7.369390227,25.70588235,6.832635983
OpenStack_3090,0,8,1,0,0,0,0,7.065921053,33.25,6.758007117
OpenStack_7086,0,24,0,929,20,2,0,5.952983988,25.44444444,7.379310345
OpenStack_2992,4,107,1,16330,390,41,3.029197784,45.658607,142.8846154,6.438238453
OpenStack_3368,1,32,1,3880,97,0,0.56223936,10.79752954,41.26315789,6.177142857
OpenStack_5928,0,122,0,0,0,114,0,14.82498568,61.525,6.246305419
OpenStack_711,0,3,0,537,25,2,0,6.410800586,28.35294118,7.092105263
OpenStack_7879,0,27,0,5742,189,4,0.5,9.043423077,38.35,6.544072948
OpenStack_3863,1,77,0,3078,147,10,0.575787752,18.58356883,63.42307692,6.384505022
OpenStack_7147,1,26,0,837,28,1,0,6.684743034,27.94117647,6.978723404
OpenStack_5536,1,6,0,2382,72,0,0.464385619,6.242735043,28.40740741,6.766578249
OpenStack_3592,0,24,0,4311,189,0,0,6.632259923,25.81818182,7.321311475
OpenStack_2239,0,17,2,0,0,0,0.403967445,5.498436364,22.72727273,6.805970149
OpenStack_3304,1,4,0,4166,160,31,0,8.073995416,32.45454545,6.877094972
OpenStack_1992,3,221,0,44636,970,10,2.494790643,14.73927854,59.05263158,5.890449438
OpenStack_6465,0,93,1,943,30,0,0.222471193,4.863931488,22.95833333,7.091240876
OpenStack_5944,0,104,0,12078,393,5,0,6.638983376,32.58333333,6.097791798
OpenStack_330,0,5,0,0,0,7,0,9.508619685,41.58823529,6.213235294
OpenStack_3838,2,104,1,6791,117,111,8.951940428,53.38702312,163.3225806,6.13625498
OpenStack_203,0,5,0,0,0,1,0,7.097470588,23.52941176,6.849557522
OpenStack_6961,0,4,1,0,0,1,0.914929913,13.1261991,52,7.212307692
OpenStack_5701,0,0,0,117,5,1,0,6.614268477,24.55555556,7.256410256
OpenStack_1763,0,10,0,0,0,0,0,6.911115427,24.94117647,6.753191489
OpenStack_7189,0,120,0,1059,55,2,0,5.776068111,26.84210526,6.81147541
OpenStack_3451,0,5,0,448,24,4,0,6.985324773,27.58333333,6.941504178
OpenStack_709,0,8,0,2503,24,10,0,11.35163359,38.55,5.987373737
OpenStack_840,18,96,0,88084,1682,3123,8.973632616,256.1525216,688.9166667,5.145134689
OpenStack_4796,0,2,0,754,14,6,0.430827083,9.600585708,40.94444444,6.935153584
OpenStack_5743,1,10,0,1026,14,0,0,6.012825581,27.95,6.748062016
OpenStack_6383,0,17,6,0,0,0,1.020905822,34.47643302,117.8823529,5.462287105
OpenStack_6880,0,10,0,0,0,66,0,15.36479856,50.35416667,6.011235955
OpenStack_4667,4,42,0,6582,135,30,2.562357913,29.299141,102.2352941,5.520454545
OpenStack_127,2,16,3,14834,482,112,4.107595848,99.81958111,281.28,6.223761321
OpenStack_5468,0,1,0,122,5,1,0,6.958691915,25.76470588,7.183406114
OpenStack_3004,0,15,0,1752,65,15,0,12.08243727,50.22727273,5.530337079
OpenStack_7464,1,71,0,8966,206,0,0.438431785,12.3747267,49.15789474,6.037037037
OpenStack_1059,0,4,1,0,0,0,0,5.718063479,20.68421053,6.950226244
OpenStack_7217,0,15,0,0,0,7,0.401050703,7.986734694,32.66666667,6.754578755
OpenStack_5308,0,48,0,2718,20,7,0.23686905,8.323954023,34.8,6.927672956
OpenStack_7240,0,27,0,0,0,1,0,7.939047782,29.3,6.753205128
OpenStack_621,4,0,2,50103,885,367,2.688760958,78.98834171,229.6153846,5.619079838
OpenStack_3547,1,0,0,402,15,36,0.070300552,12.87774231,55.94117647,6.832713755
OpenStack_7779,0,14,0,5057,148,42,0.410116086,30.2199321,100.1904762,5.926267281
OpenStack_3020,3,30,0,17858,446,281,3.630452154,166.4822972,454.6666667,5.723059743
OpenStack_1660,0,64,0,29720,976,3,0.920614063,7.942488949,33.7826087,7.037735849
Qt_9539,0,1,0,0,0,1,0,7.14479525,22.61111111,7.30472103
Qt_17339,0,4,0,1080,25,27,1.528111252,31.92923663,101.8571429,5.7763329
Qt_26950,0,7,0,749,20,8,0,9.306404467,40.3,5.796460177
Qt_16397,1,80,0,19285,715,7,3.283107762,18.23371229,65.10526316,5.116788321
Qt_20700,0,2,0,950,31,62,0,32.25857644,98.58823529,4.89017341
Qt_3849,0,1,0,1557,76,13,0,18.42673274,64.94117647,5.410810811
Qt_4604,0,1,0,0,0,1,0,7.798714152,25.94117647,6.487903226
Qt_25404,0,75,0,23012,690,20,2.526607752,19.39559696,63,5.386023295
Qt_7798,0,12,0,10074,379,0,0,7.174217029,25.76470588,6.986899563
Qt_2439,1,6,0,45336,317,11,0,8.495069705,37.3,6.319298246
Qt_17897,0,1,0,0,0,1,0,6.576124795,22.55555556,7.629310345
Qt_17220,0,35,0,715,30,9,1.56237448,13.05734108,40.52631579,5.698412698
Qt_2671,0,22,0,11979,310,0,3.064813406,44.65579636,130.2222222,4.59688826
Qt_19388,0,4,0,2181,133,6,0,10.48116779,37.52631579,5.809677419
Qt_16861,1,30,0,15962,475,0,0.906564975,9.606357755,38.9047619,6.386904762
Qt_2258,1,4,0,17389,422,56,1.54850816,39.23277138,124.1944444,6.54823686
Qt_2485,1,12,0,18690,188,6,0,10.32257634,43.63157895,7.583850932
Qt_6269,0,6,0,8918,333,8,0,15.94139779,53.72222222,5.683823529
Qt_24593,0,5,0,4521,175,9,0,7.57473822,31.83333333,6.803703704
Qt_19210,0,0,1,0,0,0,0,6.897599606,22.52631579,6.975903614
Qt_17655,1,7,0,4841,19,3,0,10.27233328,35.47368421,6.036789298
Qt_24970,0,4,0,0,0,110,0,24.23210113,86.22222222,7.053507729
Qt_12965,1,10,0,2614,24,2,0.442179356,6.079125819,24.52631579,6.898305085
Qt_24657,0,10,0,4136,93,0,0,8.414446251,27.26315789,7.358156028
Qt_19690,0,92,0,0,0,1,0,5.604069358,24.15,6.721518987
Qt_11665,0,17,0,439,11,6,1.383256259,6.210665505,28.7,6.675
Qt_18629,0,105,9,40003,831,0,4.488760695,89.38508346,257.3888889,4.470238095
Qt_17983,0,1,0,0,0,3,0,10.78008721,26.875,6.940609952
Qt_24665,0,2,0,0,0,1,0,8.165266848,26.64705882,7.244360902
Qt_23674,0,10,0,0,0,0,0,6.717952489,24.47058824,6.955357143
Qt_14504,0,4,0,3730,40,108,1.996517764,17.39282102,61.85185185,6.163859112
Qt_6157,0,6,0,4040,132,12,1.869723097,13.84080684,51.84210526,6.295652174
Qt_11524,0,3,0,1914,70,1,0,8.388840465,30.64705882,6.621212121
Qt_7814,1,3,0,8989,54,6,0,6.291363636,27.5,6.716475096
Qt_19266,0,1,0,0,0,2,0,7.145015396,24.05555556,6.851239669
Qt_24611,0,5,0,4562,177,0,0,8.060880267,33.17647059,7.367816092
Qt_21932,0,18,0,6632,253,3,0,9.224195009,27.05,6.459701493
Qt_15045,0,9,0,9274,277,3,0,6.616803119,28.42105263,6.28125
Qt_15400,0,20,0,4141,209,10,0,10.43005016,36.61904762,6.202046036
Qt_16880,0,58,0,0,0,1,0,7.64551566,22.35,6.779069767
Qt_11067,2,7,0,1014,11,101,2.19845568,21.64580945,81.30952381,4.9175
Qt_19041,13,59,4,21699,559,136,8.079508297,58.71873851,171.490566,5.392321755
Qt_15514,0,8,0,690,0,4,0,7.866836323,24.88235294,6.916666667
Qt_20883,1,7,0,26513,322,16,0,17.00989859,61.71428571,5.897274633
Qt_25199,0,80,0,21805,710,10,2.969594401,21.99820026,71.26315789,5.001992032
Qt_20901,0,45,0,0,0,10,3.207752213,13.03619669,48.76470588,5.66779661
Qt_2721,0,1,0,0,0,0,0,6.522715618,23.83333333,7.06779661
Qt_13370,0,4,0,2946,101,2,0,7.217982578,28.7,6.112676056
Qt_2830,0,11,0,0,0,34,0.109277826,12.67534759,50.47058824,7.154109589
Qt_4674,1,20,2,20485,570,113,2.50853796,47.32971425,140.2727273,4.575560376
Qt_21212,0,3,0,41,2,2,0,6.567009223,28.11111111,6.871900826
Qt_1127,1,0,0,59,1,1,0.528320834,6.037195484,27.81818182,6.743055556
Qt_19526,0,10,0,18387,506,6,0,12.11683971,44.05882353,6.039513678
Qt_369,0,2,0,7645,197,1,0.300824223,18.44939626,66.94117647,5.552356021
Qt_19247,1,44,0,17263,414,6,0,7.702373121,34.29411765,7.109848485
Qt_2125,0,2,0,0,0,0,0.5,8.276485992,35.94117647,7.571984436
Qt_17591,1,5,0,8035,99,4,0.970950594,8.964108436,40.15789474,6.587591241
Qt_9855,1,4,0,6531,236,25,0.045779724,40.12868633,124.3333333,4.569705094
Qt_11406,0,23,0,2917,90,7,0.401050703,14.16144687,42.35,5.604456825
Qt_26184,0,47,0,11532,328,246,1.32179617,107.9139064,295.952381,3.532374101
Qt_5056,0,1,0,0,0,3,0,5.808378465,23.45,6.729166667
Qt_10937,0,12,0,0,0,1,0,6.296223474,23.10526316,6.603375527
Qt_2177,1,0,0,16060,176,1,0,5.739,23.6,6.725738397
Qt_15541,0,5,0,46404,1048,0,0,7.339364941,25.47368421,7.286245353
Qt_13205,0,21,1,0,0,1,0.009685945,5.700428935,18.71428571,6.802575107
Qt_6820,0,119,0,0,0,158,8.54331203,4.944770941,25.0952381,6.975103734
Qt_19545,1,19,0,40481,559,37,0.702446197,37.44665918,121.0952381,5.76124031
Qt_2419,1,1,0,2425,35,8,0.04727928,19.33269031,72.25,6.207289294
Qt_17620,0,5,0,9910,487,1,0,8.626492068,25.72,7.105134474
Qt_9918,1,2,0,820,10,1,0,5.945867681,21.35,6.854077253
Qt_19849,0,1,0,0,0,5,1.527363914,5.732691976,32.10526316,7.013452915
Qt_3936,1,12,0,8061,72,35,0.580038103,48.74433615,145.0588235,4.096660808
Qt_532,0,0,0,0,0,2,0,7.433623188,25.55555556,6.852830189
Qt_15329,0,0,0,0,0,91,0.944681867,50.56902315,146.3636364,4.550351288
Qt_17096,0,0,0,764,25,2,0,7.460543672,31.16666667,6.685823755
Qt_1303,0,5,0,0,0,1,0,8.458008176,30.47058824,6.613475177
Qt_1257,0,0,0,0,0,1,0,7.213603465,24.76470588,6.716738197
Qt_19779,0,2,0,1575,76,28,0,19.45153312,71.57142857,5.461206897
Qt_18598,0,34,0,9055,399,0,0,7.261944078,26.23529412,7.153846154
Qt_3382,0,9,0,0,0,2,0,6.782601697,23.64705882,6.931818182
Qt_13592,1,48,0,30808,784,1,0.672099333,17.44080855,65.38888889,5.352678571
Qt_17979,2,10,0,88962,974,35,1.668280682,33.87947313,110.5238095,6.539534884
Qt_7548,0,27,0,15625,473,73,1.812293244,59.89136465,174.3043478,3.65633546
Qt_10512,0,0,1,0,0,5,0.360201221,8.929176825,38.63157895,6.52027027
Qt_606,1,10,0,27974,689,12,0.224793104,14.57423948,57.22222222,7.31865285
Qt_24282,1,117,0,76737,1531,38,1.374558544,81.21344866,226.4193548,3.75439408
Qt_11991,0,1,3,0,0,2,2.073479192,7.74064119,26.52380952,6.821316614
Qt_18330,1,12,0,14884,167,1,0,7.331064178,28.27777778,7.265384615
Qt_20575,0,0,0,0,0,1,0,5.738929908,22.21052632,6.78125
Qt_13772,1,7,0,2493,103,0,0,6.889971147,27.84210526,7.191176471
Qt_4682,0,25,0,0,0,1086,2.625330912,5.893034408,23.10526316,6.8
Qt_4082,8,11,0,26122,638,74,2.26253979,58.44240453,175.125,4.549682875
Qt_12017,0,41,0,6992,144,16,0.52439747,25.83285714,78.66666667,3.618380062
Qt_13060,15,405,4,152939,2687,1226,14.5317085,7.88881898,36.89473684,6.596958175
Qt_11027,0,12,0,5621,157,18,0,11.69315601,45.52380952,5.302702703
Qt_18444,0,24,0,31566,740,11,1.542698997,20.18617124,69.47058824,5.731527094
Qt_1132,0,0,0,777,0,1,0,7.295125272,25.41176471,6.812765957
Qt_21530,0,3,0,0,0,3,0.471109393,10.38919139,39.88235294,6.35
Qt_15336,0,2,0,8010,232,2,0.389975,10.73568309,39.57894737,6.022284123
Qt_24137,1,40,0,9122,470,10,0.557457242,12.98155773,52.52173913,6.178021978
Qt_18258,0,10,0,17250,353,0,0,6.024986532,29.7,7.463035019
Qt_7513,0,14,0,12249,505,5,0.551388148,10.96907369,41.05,6.12
Qt_3230,0,6,0,0,0,34,0.63011401,21.30821585,76.14285714,6.826548673
Qt_17554,4,129,0,83306,1140,395,2.825151636,49.62782979,155.6829268,6.127308707
Qt_24402,0,1,0,0,0,7,0,6.3943647,26.05263158,7.228571429
Qt_9840,1,72,0,53818,1701,3,0.683715452,32.28638508,103.9473684,7.808510638
Qt_5413,0,24,0,0,0,0,0,7.393551526,25.05263158,6.974452555
Qt_22706,0,352,0,104353,3153,28,5.714923829,40.73401161,116.4210526,4.263556116
Qt_6545,0,2,5,0,0,0,1.650471848,20.21425012,74.33333333,6.551724138
Qt_9313,4,195,0,69733,1800,111,9.311570257,63.98672927,193.4285714,4.973958333
Qt_7382,0,5,0,2939,97,1,0,7.778272059,26.35294118,6.912863071
Qt_12985,0,2,0,0,0,1,0,7.768693285,24.42105263,7.06884058
Qt_13790,4,30,0,94973,938,322,2.653628739,98.16106708,277.65,4.666666667
Qt_21680,0,34,0,8584,278,6,0,12.39037287,43.05882353,6.230088496
Qt_9233,1,6,0,2823,55,5,0,7.472672065,26,6.765567766
Qt_11818,0,20,0,8370,368,1,0,7.647895958,27.94444444,6.995983936
Qt_1400,1,1,3,746,9,3,0.433926886,27.63036269,91.31818182,5.806349206
Qt_18289,0,14,0,3741,119,0,0,7.568680154,28.83333333,7.003937008
Qt_24728,0,3,0,2004,60,1,0.528771238,8.312411028,27.63157895,6.482071713
Qt_6260,0,0,0,0,0,1447,3.512625593,121.7518901,336.4375,4.972512582
Qt_2812,0,3,0,1728,40,1,0,7.422909633,27.89473684,6.667953668
Qt_20401,0,26,0,0,0,11,1.045242276,9.294560485,39.86363636,6.861198738
Qt_19944,0,74,0,4485,158,1,0,7.692564593,28.94736842,7.040816327
Qt_5534,0,63,0,46924,1332,46,0.74156777,60.53602433,178.6470588,4.307588076
Qt_10867,6,3,0,3806,26,95,1.193694531,61.11747628,177.0952381,3.60707457
Qt_17594,0,2,0,1501,31,1,0,6.503112128,23,6.762711864
Qt_11966,0,6,0,0,0,220,15.13850813,108.5164841,301.9411765,4.765089723
Qt_24245,0,1,0,7303,171,2,0,8.303647921,32.11764706,6.253787879
Qt_5599,0,10,0,292954,0,2578,0,6.089501096,20.21052632,6.933333333
Qt_21060,1,34,0,28249,540,8,0.487368115,12.46685481,48.72222222,5.856
Qt_22224,0,92,0,0,0,0,0,6.669623811,31.73684211,6.969230769
Qt_12527,0,12,0,1854,52,2,0,7.249302461,28.47368421,7.037878788
Qt_13356,1,11,0,1833,22,2,0,6.364337014,24.47826087,6.533546326
Qt_8716,0,52,0,10857,233,49,5.455472491,40.8566518,124.8823529,3.91537133
Qt_20785,0,15,0,0,0,2,0,7.025974659,28.5,6.437751004
Qt_11141,0,0,0,607,5,1,0,5.667084639,23.72727273,6.996428571
Qt_7521,3,104,1,55462,564,141,2.67161949,94.82429841,258.46875,2.941649049
Qt_19311,0,35,0,9247,402,5,0,7.916189221,31.61111111,8
Qt_18726,0,1,0,0,0,1,0,6.446120858,21.31578947,7.643776824
Qt_6671,0,2,0,0,0,1,0,6.654045915,31.05555556,6.931623932
Qt_11931,0,1,0,3665,111,59,0,28.16507066,91.72222222,4.316479401
Qt_6188,7,30,0,142812,1188,44,2.20663773,27.98081878,96.09090909,5.859766277
Qt_25473,2,52,0,31070,454,13,0.697055095,20.90875793,70.76190476,5.66469428
Qt_690,0,7,0,1279,42,13,0.240438991,9.386581633,36.75,6.137195122
Qt_15972,0,20,0,0,0,1,0,6.120611111,22.05,6.777777778
Qt_8572,0,5,0,1566,88,16,0.22753802,11.04087291,35.38095238,6.139759036
Qt_8246,0,9,0,9032,173,1,0,7.716132086,24.57894737,7.098901099
Qt_14898,1,3,1,603,15,1,0.678831885,11.53356509,42.78947368,7
Qt_15368,0,181,0,29671,929,60,3.742976693,26.10725146,90.94736842,5.344387755
Qt_7811,1,3,0,5970,106,56,0,10.9495652,48.13636364,5.874358974
Qt_9620,0,4,0,1579,48,10,0.332192809,13.25424515,47.76470588,6.51552795
Qt_6144,0,7,0,3716,109,5,0,10.10167695,40.80952381,5.924242424
Qt_187,0,17,0,40056,966,60,4.629149575,30.46068869,94.68421053,5.801801802
Qt_14612,1,1,0,780,29,1,0,6.273005671,23,6.674825175
Qt_2789,0,7,0,1161,51,0,0,10.49291022,34,6.681208054
Qt_17826,0,16,0,6212,229,3,0,7.70482835,33.44444444,6.654676259
Qt_18977,0,2,0,2742,96,1,0,6.795488115,26.10526316,7.425925926
Qt_19484,0,27,0,1059,37,290,1.177028353,45.43372114,133.4,5.261565836
Qt_15646,0,5,0,2725,72,1,0,7.104197531,27,7.238095238
Qt_5432,0,3,0,0,0,1,0,6.792780508,25.22727273,6.912052117
Qt_13240,0,4,0,3021,142,2,0.5,5.596180223,24.11538462,6.576923077
Qt_20277,0,16,0,12739,443,13,0,7.969542484,31.23529412,6.395522388
Qt_10371,0,6,0,0,0,0,0,7.037246283,26.76470588,6.692946058
Qt_110,0,2,0,681,0,8,0,8.128933333,27.77777778,6.335907336
Qt_22155,1,125,0,65414,1964,19,5.471679457,29.80715724,94.57142857,4.852223816
Qt_9021,0,2,0,0,0,0,0,11.04448485,30.55555556,6.634730539
Qt_12514,0,14,0,4556,22,14,5.053834728,11.14127451,48,6.472727273
Qt_20585,0,2,0,0,0,3,0,7.306108792,29.43478261,6.667673716
Qt_5132,1,11,0,3099,80,64,0.653618274,39.28519442,118.4736842,4.588323353
Qt_19051,0,50,0,5256,222,9,0,8.606696075,36.42105263,6.513605442
Qt_20556,2,34,20,55,2,56,3.897021251,49.1603691,151.5263158,6.942865514
Qt_24210,0,12,0,3882,137,2,0,7.219687747,25.3,6.762264151
Qt_18482,0,14,0,2437,63,0,0,7.496075663,24.0952381,7.104693141
Qt_10746,1,20,0,2256,54,12,0.685754248,16.27300348,57.4,6.162291169
Qt_7098,2,4,0,86873,1396,215,1.730669931,79.35279172,224.1142857,4.706808943
Qt_7136,13,77,0,109398,1071,83,6.181917984,50.12331325,153.2307692,5.659266409
Qt_26745,0,8,0,1599,22,11,0.320159766,14.62900085,52.88235294,5.594855305
Qt_21481,0,30,0,0,0,8,0.889975,2.069969977,22.93939394,6.166666667
Qt_8721,0,241,0,0,0,9,3.551798128,6.410098803,29.15789474,6.604938272
Qt_8306,3,60,1,58206,922,2,1.794372194,15.65234824,58.94117647,6.325581395
Qt_10020,0,27,0,10940,486,1,0,7.753827751,25.47368421,6.28125
Qt_12295,1,7,0,33680,384,0,0,8.098192513,32.35294118,6.456692913
Qt_8328,0,2,0,0,0,1,0,5.913631579,20.9,6.987394958
Qt_13585,1,26,2,25958,979,5,2.14216781,14.19655669,57.36363636,5.868686869
Qt_22418,1,14,0,15200,122,123,0,54.85180943,167.5217391,4.101190476
Qt_2460,0,6,0,0,0,27,1.985120065,21.69875286,72.83333333,6.631377551
Qt_516,0,1,0,1214,21,3,0,8.325565611,26,6.843220339
Qt_5973,0,0,0,1415,46,2,0,9.101681291,31.94117647,6.621621622
Qt_3963,0,4,0,2532,90,4,0.528320834,11.76076035,37.45,5.588571429
Qt_16502,0,15,1,0,0,10,1.757058632,37.90320294,122.625,6.134275618
Qt_15463,0,9,0,232,10,4,0,8.056796815,26.94117647,6.741525424
Qt_18288,0,5,0,1956,47,0,0,5.735238095,25,6.376569038
Qt_9765,0,6,0,0,0,602,10.16249932,19.78623646,75.7,6.468319559
Qt_23783,0,45,0,0,0,3,0,9.788705674,41.77777778,6.739583333
Qt_5930,0,0,0,0,0,1,0,7.01740394,24.76470588,6.995633188
Qt_11860,0,43,0,16425,711,50,1.331734659,22.25532918,70.25,5.08630394
Qt_9079,1,40,0,0,0,56,0.482212467,11.39181773,45.40909091,6.661835749
Qt_9562,1,4,0,12860,168,8,0.448715698,30.02872751,97.12,5.173260573
Qt_4147,0,5,0,7181,289,4,0,6.773571429,32.38095238,6.056105611
Qt_8535,21,112,0,189269,2086,93,5.441974054,87.96494765,249.4545455,4.570741758
Qt_14489,0,7,0,0,0,30,0,15.02538131,51.57894737,5.675544794
Qt_8497,0,11,0,4675,136,9,0.501215559,15.50208042,56.88235294,6.498525074
Qt_13717,0,3,0,5793,157,3,0.5,8.334822422,32.36842105,6.08496732
Qt_4739,0,19,0,20219,636,1,0.5,10.46540895,31.85,6.270588235
Qt_11517,0,14,0,56840,1848,15,0.803037677,9.426012829,35.84210526,5.904761905
Qt_20952,3,2,8,12,0,13,2.66715684,9.899613994,45.21052632,6.569536424
Qt_16409,0,5,0,0,0,3,0,6.77627451,30,7.336170213
Qt_16700,0,1,0,0,0,1,0,5.940293522,21.89473684,6.790393013
Qt_15427,0,1,0,95,0,1,0,6.72389523,23.64705882,6.95890411
Qt_13112,0,5,0,2261,79,0,0,7.335399435,26.94117647,6.861344538
Qt_14569,0,1,0,20942,198,1,0,7.461602728,28.41176471,6.711934156
Qt_12179,0,8,0,1185,59,1,0,6.137539735,22.65,6.813559322
Qt_14652,0,13,0,5239,213,33,0.105115631,16.41161512,53.88888889,5.617169374
Qt_13721,0,12,2,0,0,50,0.385378324,7.946070822,22.84210526,6.962825279
Qt_20680,0,57,0,20294,428,3,0,11.14566487,40.68421053,6.685459941
Qt_2922,0,8,0,2319,84,2,0.415452264,10.1157043,34.04761905,6.067226891
Qt_1938,0,1,0,0,0,0,0,7.716924074,26.70588235,6.739669421
Qt_21460,0,18,4,4,0,0,1.16832521,10.50933198,41.16666667,6.054176072
Qt_12333,0,0,0,0,0,12,4.497231596,6.33359412,23.36842105,7.394957983
Qt_13386,0,23,0,13890,388,1,0,9.666465806,36.17647059,7.081081081
Qt_11488,0,0,1,0,0,0,0,13.71881346,47.40816327,5.610859729
Qt_11670,19,113,0,187159,1855,8,5.070287733,5.8712613,21.95652174,6.757785467
Qt_16721,0,7,0,1194,22,2,0.5,8.499678715,36.88888889,6.330960854
Qt_22118,0,6,0,0,0,615,0,6.553968254,21,6.96875
Qt_22142,0,15,0,13589,505,0,0,7.420584795,27.94736842,6.950704225
Qt_24180,0,2,0,0,0,2,0,5.615243902,20.5,6.955947137
Qt_16818,0,6,0,6019,207,4,0,8.023434914,28.7826087,6.084548105
Qt_13114,0,23,0,9440,298,123,3.009548205,116.5986373,314.2727273,3.910941476
Qt_7120,0,1,0,0,0,0,0.5,8.679518477,44.52631579,7.71031746
Qt_20669,0,1,0,8231,293,0,0,8.515488041,26.76470588,6.817813765
Qt_2022,0,5,0,12909,419,2,0,7.098426501,26.47826087,6.027303754
Qt_633,1,9,0,13405,266,5,0,9.342703848,40.82352941,7.637992832
Qt_2079,1,2,0,5635,123,4,0.751505591,19.20797897,64.27777778,5.078475336
Qt_5433,0,7,0,0,0,10,2.254264435,8.541610845,34.73684211,7.131756757
Qt_19387,0,119,0,0,0,3192,7.471255008,6.287179424,28.11764706,6.914027149
Qt_8534,0,2,0,0,0,12,0,19.85610716,59.96428571,5.85840708
Qt_4140,0,3,0,1015,41,7,0,10.95319974,37.47058824,6.386986301
Qt_12473,1,15,4,1509,36,0,1.345859581,25.30576019,79.75,5.293013556
Qt_13488,3,38,1,9924,235,390,2.092008398,82.94054151,229.2903226,4.620570866
Qt_13042,0,33,0,22301,632,125,1.213273321,53.14905344,155.4705882,4.522753792
Qt_14894,0,5,0,1288,45,2,0,8.148848987,30.16666667,6.6271777
Qt_21697,1,21,0,4772,127,4,0.314493784,11.6982517,44.29411765,5.879310345
Qt_8258,0,80,0,0,0,2,0,6.613727351,25.68421053,6.757936508
Qt_24277,0,1,0,0,0,1,0,6.289184318,24.55,7.648351648
Qt_1026,0,0,0,58896,2026,134,2.158573369,88.58285044,243.1212121,3.968963943
Qt_4969,0,32,0,19862,665,2,0.773929596,11.11477588,41.15789474,6.362831858
Qt_20163,1,38,0,17342,417,0,0,6.26016628,23.94444444,6.951965066
Qt_5411,0,191,0,0,0,10,3.883990938,6.57610984,30.26315789,6.6
Qt_5046,0,11,0,0,0,12,2.423533536,7.013484043,29.375,5.888172043
Qt_1205,0,41,0,4001,96,51,0.6216712,26.79708552,77.76470588,4.503296703
Qt_16658,0,53,0,13749,569,0,1.099306575,12.7029538,44.47826087,6.262605042
Qt_20225,0,13,0,2053,75,2,0,7.325489297,30.27777778,6.865671642
Qt_16689,0,26,0,2823,98,10,0.475305451,12.6227932,44.85,5.867867868
Qt_11779,0,20,0,2879,37,2,0,7.723273764,26.3,6.493150685
Qt_19705,0,20,0,684,25,0,0,7.529973856,26.47058824,6.946721311
Qt_7652,0,2,0,8826,289,17,2.324161957,11.95759212,51.64705882,6.640151515
Qt_17957,0,1,0,0,0,1,0,6.043294118,25,7.136150235
Qt_336,0,1,0,0,0,1,0,7.606870144,24.94117647,6.6875
Qt_16368,0,26,0,3289,143,15,1.803984577,17.7145142,64.94736842,5.645631068
Qt_8498,0,0,1,0,0,0,0,20.85884848,72.6,6.371541502
Qt_2469,1,1,0,7452,107,5,0.041205259,25.30902234,86.15,5.255613126
Qt_21874,1,115,0,59762,1661,9,1.731984623,25.24563372,91.29411765,5.949602122
Qt_24129,1,10,0,7135,21,6,0,14.57959378,55.45,6.068627451
Qt_11638,0,1,0,0,0,10,0,9.994985222,40.6,6.679245283
Qt_21878,0,2,0,4842,200,3,1.023882466,11.85735371,45.05882353,6.627218935
Qt_4852,0,14,0,1409,30,1,2.631401297,32.03213412,101.4,5.804658152
Qt_8320,0,0,1,0,0,0,0,13.22878802,47.40909091,5.751605996
Qt_8232,74,289,0,572602,5242,1398,12.99605443,6.40452381,33.05555556,6.853333333
Qt_3575,0,1,0,0,0,0,0,6.720057471,24.16666667,6.983122363
Qt_7426,0,244,0,0,0,1,0,6.05906463,20.31578947,6.890410959
Qt_23512,1,6,0,17653,223,2,0.485755327,14.26898519,52.73684211,6.26405868
Qt_398,0,2,0,2429,37,0,0.389975,8.738699012,32.23529412,6.72761194
Qt_22046,0,7,0,0,0,1,0,7.082055354,24.42105263,6.909774436
Qt_10412,2,11,8,14373,539,25,1.730452339,57.9690514,167.8095238,3.766151046
Qt_12740,0,202,0,85221,1879,177,9.840933426,6.664411765,30.58823529,7.219298246
Qt_8853,1,12,0,16955,615,1,0.298908513,12.90496204,43.78947368,6.467821782
Qt_9055,0,0,0,8868,263,1,0,6.931695906,27.94736842,6.764258555
Qt_7686,1,8,0,6152,83,14,0,6.807142857,29.33333333,6.279569892
Qt_9301,0,0,0,0,0,27,0,13.88185219,57.35294118,6.511551155
Qt_5028,0,2,0,857,22,22,0.198639721,11.30597818,38.85185185,6.035242291
Qt_16609,0,21,0,3070,126,1,0.5,6.720454545,27.5,6.667924528
Qt_9102,1,79,0,42003,940,9,2.399871428,18.83634283,66.57894737,6.018229167
Qt_11536,0,22,0,10499,431,35,0.357632345,10.19945658,40.3,6.339285714
Qt_20668,0,1,0,4704,88,6,0,13.39688155,51.52941176,5.296969697
Qt_18791,0,11,0,9571,286,3,0,9.486414182,34.35294118,6.171206226
Qt_6179,0,26,0,8413,369,0,0,8.033595018,31.11764706,6.66539924
Qt_14745,0,31,0,9989,275,134,2.596078564,36.41892659,111.7,5.12150838
Qt_15510,0,8,0,690,0,1,0,7.317242821,24.82352941,6.849557522
Qt_26152,0,20,0,4197,18,29,0.470279688,15.25526979,54.26315789,5.37244898
Qt_16556,1,6,0,10416,100,0,0,7.910620354,32.38888889,6.682835821
Qt_8114,0,12,0,6312,115,1,0,7.803735546,27.52941176,6.765690377
Qt_19608,0,259,0,92371,2850,42,2.672154273,39.57583451,127.65,3.86013986
Qt_7298,0,4,0,3283,73,11,0,24.88641975,81,5.634854772
Qt_8372,0,1,0,0,0,1,0,8.100935829,25.88235294,6.945736434
Qt_6209,0,46,0,0,0,1,0,6.487802569,25.58823529,6.90625
Qt_9976,0,68,0,0,0,150,2.533038732,52.5796748,159.4444444,5.670149254
Qt_27056,2,1,1,35300,803,1,1.063671747,20.27916667,73.75,5.466819222
Qt_20595,0,23,0,9226,416,1,0,6.885446906,27.17647059,6.604166667
Qt_959,0,3,0,2537,77,2,0.5,8.153333333,32.77777778,6.513307985
Qt_23484,0,87,0,28568,618,25,0.86083331,18.855,68.83333333,5.30071599
Qt_9237,1,4,0,1266,19,21,0,10.87928633,44.94736842,5.474320242
Qt_26071,0,6,0,1185,49,0,0,8.425951098,26.73684211,6.760135135
Qt_3593,0,9,0,2883,130,1,0,7.007143614,26.11764706,7.017021277
Qt_2964,0,0,0,0,0,0,0,6.588704563,23.94444444,6.851694915
Qt_26308,0,5,0,1676,82,1,0,8.847473958,28.44444444,6.836734694
Qt_4564,0,0,0,2,0,55,0,9.005891813,37.89473684,6.741496599
Qt_25386,0,44,0,16625,616,2,0.5,7.640526316,31.05263158,6.286245353
Qt_5006,0,2,0,0,0,2,0,7.045,24,6.960352423
Qt_8730,0,5,0,6282,238,2,0,6.52688438,26.21052632,7.190114068
Qt_9191,0,286,0,0,0,9,3.551798128,6.367499525,29.15789474,6.632231405
Qt_19251,0,24,0,18790,684,1,0.389975,8.32132864,30.47058824,6.972
Qt_25807,0,9,0,2810,77,1,0,8.012355801,36.29411765,6.646825397
Qt_4707,0,7,0,0,0,1,0,6.502527473,24.76190476,6.910034602
Qt_5347,0,10,0,8363,388,4,0,11.70564676,46.70588235,5.762820513
Qt_7808,3,102,1,27416,719,22,4.086148312,52.5124658,151.3181818,4.405464481
Qt_24929,0,88,0,10516,380,68,5.158379126,19.90678766,72.37142857,7.203651685
Qt_25042,0,122,0,54110,2260,139,1.289796797,14.7230404,54.62758621,4.501934771
Qt_5718,0,1,0,0,0,1,0.027475638,14.50775169,54.23529412,6.243323442
Qt_4253,0,5,0,10935,562,9,1.125548163,14.0563312,51.39130435,5.980176211
Qt_174,0,0,0,19023,634,1,0,5.998958048,24.80952381,6.547528517
Qt_17019,0,58,0,69596,2394,7,0.87300644,15.7835076,62.16666667,5.736526946
Qt_18303,0,5,0,0,0,1,0,6.57514881,24.88888889,7.004166667
Qt_7121,0,0,0,859,38,2,0.5,6.385698925,27.55555556,6.444915254
Qt_5666,0,12,0,4648,235,8,1.420158359,12.84511577,50.36842105,5.467692308
Qt_26862,1,1,0,1325,19,0,0,15.78518852,57.15789474,7.109913793
Qt_12619,0,43,0,0,0,1,0,4.980656566,22.90909091,7.118110236
Qt_15867,0,20,0,3569,131,21,0.660983585,22.56938924,70.36363636,5.706293706
Qt_17606,0,11,0,847,55,4,1.528320834,8.703921694,34.52631579,6.684397163
Qt_23376,0,134,0,431788,9904,15,4.036740728,57.18112425,168.7941176,5.277845036
Qt_5949,2,62,3,2173,48,3,1.676512646,43.17464493,130.52,5.171926007
Qt_24324,0,10,0,925,35,7,0.401050703,14.73434439,46.88888889,5.821333333
Qt_12556,1,5,0,429,16,2,0,5.94969552,25.47368421,7.420408163
Qt_12062,0,13,0,1884,72,635,0.798368302,44.64910168,129.8717949,4.969489742
Qt_1964,1,2,4,10164,345,2,1.064777147,63.72296997,187,4.725573946
Qt_23303,0,6,0,3342,108,1,0,7.969293378,28.05882353,6.412451362
Qt_21866,0,1,0,652,19,2,0,10.70857678,39.55555556,6.620481928
Qt_18338,0,2,0,0,0,9,0,14.95104004,55.31111111,6.723362659
Qt_13815,1,11,0,11967,238,3,0,9.982753769,39.8,7.565340909
Qt_7385,0,3,0,333,7,89,0.201156559,18.28657476,63.31818182,5.497925311
Qt_2200,0,2,0,3108,117,3,0,8.846539262,35.61111111,6.835526316
Qt_3398,0,19,0,0,0,2,0,5.457435744,22.76190476,6.979166667
Qt_16634,0,7,0,2810,81,0,0.556603132,12.37620639,44.52941176,5.510086455
Qt_4046,0,19,0,5970,171,15,0.517556332,24.00141727,76.27272727,5.912721893
Qt_22245,0,68,0,20346,695,123,1.275263985,24.32826748,78.33333333,5.327777778
Qt_9308,0,275,0,0,0,8,3.199584239,6.154278661,28.05263158,6.665271967
Qt_8924,0,3,0,178,4,68,0.977131065,14.90093023,43,5.289552239
Qt_6282,0,21,0,0,0,1,0,6.013632531,20.36842105,6.944954128
Qt_18375,0,18,0,2475,80,5,1.37912823,17.71406503,55.23529412,5.256476684
Qt_22356,0,58,0,24868,376,1,0,17.16016182,67.78947368,6.209302326
Qt_21257,0,3,0,0,0,1,0.5,7.874652278,30.88888889,7.135338346
Qt_328,0,1,0,5825,150,3,0,6.684558342,24.95238095,6.34082397
Qt_4637,0,8,0,4677,122,1,0,7.158993711,29.44444444,7.214559387
Qt_12808,0,1,0,0,0,2,0.5,5.609002013,28.89473684,7.472103004
Qt_12060,0,28,0,0,0,70,0,47.24016894,154.137931,5.475649351
Qt_429,0,2,0,2696,77,124,0.699137556,21.17529623,74.35,5.419282511
Qt_21591,0,18,0,2037,58,0,0,8.8225,26.66666667,6.933823529
Qt_15575,0,28,0,6655,220,1,0,7.630471561,28.47058824,6.62605042
Qt_2478,0,29,0,10150,334,18,1.48539949,24.1826771,80.875,5.883076923
Qt_4288,0,34,0,16191,580,9,1.621604609,30.37221392,95.82352941,4.466666667
Qt_26725,2,166,0,48005,825,43,0.998725167,22.21321174,72.87692308,5.409749035
Qt_11366,0,24,0,0,0,1,0,6.04233677,32.33333333,7.075555556
Qt_12064,0,39,0,25134,966,657,0.516810666,40.14011204,133.9069767,5.604581673
Qt_5532,0,6,0,12827,312,1,0,6.928415301,27.11111111,7.426294821
