Unnamed: 0,Label,Heuristic
9539.0,deprecat; resource,deprecat;resource;
17339.0,resource,bug;resource;
26950.0,bug,others;
16397.0,bug,bug;
20700.0,feature,feature;
3849.0,feature,bug;feature;
4604.0,"bug,refactor",deprecat;resource;
25404.0,bug; resource,bug;
7798.0,bug,bug;
2439.0,test,test;
17897.0,test,resource;test;
17220.0,refactor,others;
2671.0,bug,bug;refactor;
19388.0,bug,deprecat;
16861.0,"feature,test",deprecat;test;
2258.0,"bug; test,resource",bug;feature;test;
2485.0,"test,bug",bug;test;
6269.0,"feature,bug",bug;
24593.0,bug,feature;
19210.0,test; resource,bug;resource;test;
17655.0,"test,bug",test;
24970.0,test,bug;resource;test;
12965.0,"test,bug",bug;test;
24657.0,bug,others;
19690.0,resource,deprecat;resource;
11665.0,bug,bug;
18629.0,feature; resource; test,feature;resource;test;
17983.0,resource,resource;
24665.0,resource,bug;resource;
23674.0,"resource,test",resource;test;
14504.0,deprecate,deprecat;
6157.0,bug,bug;
11524.0,bug,bug;
7814.0,deprecat;test,deprecat;test;
19266.0,"test,bug",bug;resource;test;
24611.0,feature,feature;
21932.0,resource,feature;
15045.0,bug,resource;
15400.0,bug,feature;
16880.0,"bug,test",deprecat;resource;test;
11067.0,test,deprecat;test;
19041.0,"test,refactor",bug;deprecat;test;
15514.0,refactor,deprecat;
20883.0,test,test;
25199.0,refactor,bug;
20901.0,refactor,deprecat;resource;
2721.0,test,bug;resource;test;
13370.0,bug,deprecat;
2830.0,deprecat,deprecat;resource;
4674.0,feature,feature;
21212.0,bug,bug;
1127.0,test; bug,bug;resource;test;
19526.0,bug,bug;
369.0,bug,bug;
19247.0,test,bug;test;
2125.0, bug,bug;refactor;resource;
17591.0,test,test;
9855.0,"feature,refactor",others;
11406.0,refactor,feature;
26184.0,refactor,refactor;
5056.0,bug,resource;
10937.0,bug,deprecat;resource;
2177.0,bug,bug;deprecat;test;
15541.0,bug,bug;
13205.0,"feature,resource",resource;
6820.0,"test,resource",resource;test;
19545.0,bug; test,others;
2419.0,test,bug;deprecat;resource;test;
17620.0,bug,bug;test;
9918.0,test,deprecat;test;
19849.0,"resource,bug",bug;resource;
3936.0,test,bug;test;
532.0,"test,bug",bug;resource;test;
15329.0,test,refactor;resource;test;
17096.0,bug,bug;
1303.0,resource,resource;
1257.0,bug,bug;resource;
19779.0,refactor,others;
18598.0,bug,bug;test;
3382.0,resource,deprecat;resource;test;
13592.0,bug;test ,bug;test;
17979.0,bug;test ,bug;refactor;test;
7548.0,refactor; resource,bug;resource;
10512.0,resource,bug;resource;
606.0,test,bug;test;
24282.0,feature; test,bug;deprecat;feature;
11991.0,resource; bug,bug;resource;test;
18330.0,test,deprecat;test;
20575.0,resource,resource;
13772.0,test,others;
4682.0,deprecat; refactor,deprecat;refactor;resource;
4082.0,test; feature,resource;test;
12017.0,bug,bug;
13060.0,"feature; deprecat; test,refactor,resource",bug;feature;test;
11027.0,feature,bug;
18444.0,feature,others;
1132.0,deprecat; refactor,deprecat;
21530.0,"test,bug",bug;resource;test;
15336.0,"bug,merge",bug;
24137.0,bug,bug;
18258.0,bug,bug;feature;
7513.0,"feature,bug",feature;
3230.0,test,resource;test;
17554.0,deprecat; test,deprecat;feature;resource;test;
24402.0,test,resource;test;
9840.0,feature; test,bug;test;
5413.0,test,bug;resource;test;
22706.0,feature,bug;
6545.0,resource,resource;
9313.0,refactor,others;
7382.0,deprecat,deprecat;
12985.0,"bug,resource",bug;
13790.0,"bug;deprecat,test",bug;deprecat;
21680.0,bug,bug;resource;
9233.0,test; deprecat,deprecat;test;
11818.0,bug,bug;
1400.0,test,test;
18289.0,bug,bug;
24728.0,bug,bug;deprecat;
6260.0,deprecat,deprecat;
2812.0,bug,feature;
20401.0,bug,bug;deprecat;resource;
19944.0,bug,deprecat;
5534.0,feature,bug;
10867.0,test; refactor,test;
17594.0,deprecat,deprecat;
11966.0,resource;,deprecat;resource;
24245.0,refactor,others;
5599.0,resource,resource;test;
21060.0,"feature,bug",others;
22224.0,resource,bug;resource;
12527.0,bug,deprecat;
13356.0,test,deprecat;test;
8716.0,refactor,bug;
20785.0,resource ,resource;
11141.0,bug,bug;
7521.0,feature;test ,feature;test;
19311.0,bug,bug;test;
18726.0,test;,resource;test;
6671.0,"bug,resource",bug;resource;
11931.0,refactor,deprecat;
6188.0,"test,bug",deprecat;test;
25473.0,feature; test,others;
690.0,fefactor,others;
15972.0,bug,resource;
8572.0,deprecat;feature  ,bug;deprecat;
8246.0,bug,bug;refactor;
14898.0,test,feature;test;
15368.0,refactor,others;
7811.0,"test,refactor",deprecat;test;
9620.0,refactor,refactor;
6144.0,bug,others;
187.0,refactor,deprecat;refactor;resource;
14612.0,bug,bug;test;
2789.0,bug ,bug;
17826.0,bug,bug;feature;
18977.0,bug,bug;test;
19484.0,"bug,deprecat",others;
15646.0,bug ,bug;
5432.0,resource; test,resource;test;
13240.0,bug,feature;
20277.0,refactor,others;
10371.0,test ,resource;test;
110.0,bug,bug;deprecat;resource;
22155.0,resource,bug;
9021.0,resource,feature;
12514.0,refactor,deprecat;
20585.0,resource,resource;
5132.0,feature  ,bug;
19051.0,bug,others;
20556.0,"test,feature",feature;resource;test;
24210.0,bug ,bug;
18482.0,bug,others;
10746.0,"bug,feature",bug;
7098.0,"feature,bug",bug;
7136.0,test,bug;deprecat;test;
26745.0,feature,feature;
21481.0,bug,bug;resource;
8721.0,resource,feature;
8306.0,"bug,test",bug;
10020.0,bug; merge,bug;
12295.0,bug;test ,bug;test;
8328.0,test,deprecat;resource;test;
13585.0,test;feature ,feature;test;
22418.0,"test,bug",others;
2460.0,resource,bug;
516.0,bug ,bug;
5973.0,bug ,bug;
3963.0,feature ,feature;
16502.0,"test,feature",feature;resource;test;
15463.0,refactor,deprecat;
18288.0,bug ,bug;
9765.0,deprecat;resource;,deprecat;resource;
23783.0,test; resource,bug;resource;test;
5930.0,bug;resource;,bug;resource;
11860.0,"feature,refactor",others;
9079.0,test;deprecat ,deprecat;test;
9562.0,bug ,bug;feature;
4147.0,bug ,bug;
8535.0,refactor;test ,bug;deprecat;test;
14489.0,resource ,feature;
8497.0,bug;resource ,bug;resource;
13717.0,deprecat ,merge;
4739.0,feature ,feature;
11517.0,deprecat,deprecat;
20952.0,test ,feature;resource;test;
16409.0,bug,bug;refactor;resource;
16700.0,bug,bug;resource;
15427.0,feature,others;
13112.0,bug,bug;
14569.0,bug ,bug;
12179.0,bug,deprecat;
14652.0,refactor,merge;
13721.0,bug,resource;test;
20680.0,bug,bug;refactor;
2922.0,bug,feature;
1938.0,bug;resource;,bug;resource;
21460.0,merge;resource ,others;
12333.0,resource;test,resource;test;
13386.0,bug ,bug;
11488.0,resource,feature;
11670.0,test ,test;
16721.0,resource,resource;
22118.0,bug,resource;
22142.0,bug ,bug;
24180.0,test,bug;resource;test;
16818.0,bug; refactor,bug;feature;resource;
13114.0,test,refactor;
7120.0,refactor,bug;resource;
20669.0,resource,bug;
2022.0,feature,feature;
633.0,bug,bug;test;
2079.0,test,bug;
5433.0,bug ,resource;test;
19387.0,test,deprecat;
8534.0,deprecat,resource;test;
4140.0,test,others;
12473.0,test; feature,others;
13488.0,feature,resource;
13042.0,feature; resource,bug;feature;
14894.0,bug ,bug;
21697.0,bug ,bug;
8258.0,feature; test,resource;
24277.0,resource ,resource;test;
1026.0,test ,others;
4969.0,feature,bug;
20163.0,feature,bug;test;
5411.0,test,feature;
5046.0,resource ,bug;deprecat;resource;test;
1205.0,resource ,others;
16658.0,deprecat ,others;
20225.0,feature,others;
16689.0,bug,others;
11779.0,feature,bug;
19705.0,bug,bug;
7652.0,bug ,feature;
17957.0,feature; resource,bug;resource;
336.0,bug;resource;,resource;
16368.0,resource,others;
8498.0,feature,resource;test;
2469.0,test,bug;deprecat;test;
21874.0,test,bug;resource;
24129.0,resource ,test;
11638.0,test ,bug;
21878.0,resource ,others;
4852.0,bug,bug;resource;
8320.0,resource,resource;
8232.0,resource ,deprecat;test;
3575.0,deprecat;test;,bug;resource;test;
7426.0,test,resource;
23512.0,resource ,feature;
398.0,feature; test,resource;
22046.0,merge; feature,resource;
10412.0,resource,bug;refactor;
12740.0,bug ,others;
8853.0,refactor,bug;
9055.0,bug ,others;
7686.0,merge,deprecat;test;
9301.0,deprecat ,bug;resource;
5028.0,bug;resource;,bug;resource;
16609.0,bug ,bug;refactor;
9102.0,bug ,bug;
11536.0,bug ,deprecat;
20668.0,deprecat ,bug;
18791.0,refactor,bug;resource;
6179.0,bug ,bug;
14745.0,bug,deprecat;
15510.0,deprecat ,deprecat;
26152.0,deprecat ,bug;deprecat;
16556.0,deprecat,bug;refactor;
8114.0,test,bug;
19608.0,resource,resource;
7298.0,reource,bug;
8372.0,bug ,resource;
6209.0,resource,resource;
9976.0,deprecat ,resource;test;
27056.0,test,bug;deprecat;
20595.0,test;bug ,bug;
959.0,resource,bug;deprecat;
23484.0,deprecat,others;
9237.0,feature,bug;test;
26071.0,test,deprecat;
3593.0,feature,bug;
2964.0,bug,deprecat;refactor;resource;
26308.0,resource,deprecat;
4564.0,bug,bug;
25386.0,bug; resource,bug;
5006.0,bug,bug;deprecat;resource;test;
8730.0,test: deprecat,bug;
9191.0,bug,feature;
19251.0,resource,bug;
25807.0,feature,others;
4707.0,bug,bug;deprecat;
5347.0,resource,bug;
7808.0,bug ,others;
24929.0,bug,bug;
25042.0,bug ,deprecat;
5718.0,deprecat,resource;test;
4253.0,test,others;
174.0,feature ,bug;
17019.0,bug,bug;
18303.0,bug ,bug;resource;
7121.0,bug;resource;,others;
5666.0,resource,bug;test;
26862.0,test,bug;test;
12619.0,test,deprecat;resource;
15867.0,resource ,bug;test;
17606.0,test;bug ,others;
23376.0,resource; test,feature;
5949.0,feature ,test;
24324.0,test ,bug;
12556.0,bug ,feature;
12062.0,test,bug;deprecat;
1964.0,bug; deprecat,feature;
23303.0,feature ,bug;resource;
21866.0,bug,others;
18338.0,feature,resource;test;
13815.0,test,test;
7385.0,test ,deprecat;
2200.0,deprecat ,bug;
3398.0,bug ,resource;
16634.0,bug; resource,feature;
4046.0,feature,feature;
22245.0,feature ,others;
9308.0,bug,feature;
8924.0,reource,deprecat;
6282.0,deprecat ,resource;
18375.0,resource ,bug;
22356.0,feature,feature;
21257.0,feature ,resource;
328.0,resource,refactor;resource;test;
4637.0,bug,others;
12808.0,deprecat,resource;test;
12060.0,test,deprecat;resource;test;
429.0,resource,deprecat;
21591.0,deprecat ,others;
15575.0,feature,bug;resource;
2478.0,bug,bug;
4288.0,bug ,others;
26725.0,bug,feature;
11366.0,feature; test,bug;resource;
12064.0,test,deprecat;resource;
5532.0,deprecat;resource ,bug;